wave,source,target
1960,COW_100,COW_101
1960,COW_100,COW_130
1960,COW_100,COW_135
1960,COW_100,COW_140
1960,COW_100,COW_145
1960,COW_100,COW_150
1960,COW_100,COW_155
1960,COW_100,COW_160
1960,COW_100,COW_165
1960,COW_101,COW_130
1960,COW_101,COW_135
1960,COW_101,COW_140
1960,COW_101,COW_145
1960,COW_101,COW_150
1960,COW_101,COW_155
1960,COW_101,COW_160
1960,COW_101,COW_165
1960,COW_130,COW_135
1960,COW_130,COW_140
1960,COW_130,COW_145
1960,COW_130,COW_150
1960,COW_130,COW_155
1960,COW_130,COW_160
1960,COW_130,COW_165
1960,COW_135,COW_140
1960,COW_135,COW_145
1960,COW_135,COW_150
1960,COW_135,COW_155
1960,COW_135,COW_160
1960,COW_135,COW_165
1960,COW_140,COW_145
1960,COW_140,COW_150
1960,COW_140,COW_155
1960,COW_140,COW_160
1960,COW_140,COW_165
1960,COW_145,COW_150
1960,COW_145,COW_155
1960,COW_145,COW_160
1960,COW_145,COW_165
1960,COW_150,COW_155
1960,COW_150,COW_160
1960,COW_150,COW_165
1960,COW_155,COW_160
1960,COW_155,COW_165
1960,COW_160,COW_165
1960,COW_2,COW_100
1960,COW_2,COW_101
1960,COW_2,COW_130
1960,COW_2,COW_135
1960,COW_2,COW_140
1960,COW_2,COW_145
1960,COW_2,COW_150
1960,COW_2,COW_155
1960,COW_2,COW_160
1960,COW_2,COW_165
1960,COW_2,COW_20
1960,COW_2,COW_200
1960,COW_2,COW_210
1960,COW_2,COW_211
1960,COW_2,COW_212
1960,COW_2,COW_220
1960,COW_2,COW_235
1960,COW_2,COW_260
1960,COW_2,COW_325
1960,COW_2,COW_350
1960,COW_2,COW_385
1960,COW_2,COW_390
1960,COW_2,COW_395
1960,COW_2,COW_40
1960,COW_2,COW_41
1960,COW_2,COW_42
1960,COW_2,COW_450
1960,COW_2,COW_630
1960,COW_2,COW_640
1960,COW_2,COW_70
1960,COW_2,COW_713
1960,COW_2,COW_732
1960,COW_2,COW_740
1960,COW_2,COW_770
1960,COW_2,COW_800
1960,COW_2,COW_840
1960,COW_2,COW_90
1960,COW_2,COW_900
1960,COW_2,COW_91
1960,COW_2,COW_92
1960,COW_2,COW_920
1960,COW_2,COW_93
1960,COW_2,COW_94
1960,COW_2,COW_95
1960,COW_20,COW_200
1960,COW_20,COW_210
1960,COW_20,COW_211
1960,COW_20,COW_212
1960,COW_20,COW_220
1960,COW_20,COW_235
1960,COW_20,COW_260
1960,COW_20,COW_325
1960,COW_20,COW_350
1960,COW_20,COW_385
1960,COW_20,COW_390
1960,COW_20,COW_395
1960,COW_20,COW_640
1960,COW_200,COW_210
1960,COW_200,COW_211
1960,COW_200,COW_212
1960,COW_200,COW_220
1960,COW_200,COW_235
1960,COW_200,COW_260
1960,COW_200,COW_325
1960,COW_200,COW_350
1960,COW_200,COW_385
1960,COW_200,COW_390
1960,COW_200,COW_395
1960,COW_200,COW_620
1960,COW_200,COW_630
1960,COW_200,COW_640
1960,COW_200,COW_770
1960,COW_200,COW_800
1960,COW_200,COW_820
1960,COW_200,COW_840
1960,COW_200,COW_900
1960,COW_200,COW_920
1960,COW_210,COW_211
1960,COW_210,COW_212
1960,COW_210,COW_220
1960,COW_210,COW_235
1960,COW_210,COW_260
1960,COW_210,COW_325
1960,COW_210,COW_350
1960,COW_210,COW_385
1960,COW_210,COW_390
1960,COW_210,COW_395
1960,COW_210,COW_640
1960,COW_211,COW_212
1960,COW_211,COW_220
1960,COW_211,COW_235
1960,COW_211,COW_260
1960,COW_211,COW_325
1960,COW_211,COW_350
1960,COW_211,COW_385
1960,COW_211,COW_390
1960,COW_211,COW_395
1960,COW_211,COW_640
1960,COW_212,COW_220
1960,COW_212,COW_235
1960,COW_212,COW_260
1960,COW_212,COW_325
1960,COW_212,COW_350
1960,COW_212,COW_385
1960,COW_212,COW_390
1960,COW_212,COW_395
1960,COW_212,COW_640
1960,COW_220,COW_235
1960,COW_220,COW_260
1960,COW_220,COW_325
1960,COW_220,COW_350
1960,COW_220,COW_385
1960,COW_220,COW_390
1960,COW_220,COW_395
1960,COW_220,COW_481
1960,COW_220,COW_482
1960,COW_220,COW_483
1960,COW_220,COW_484
1960,COW_220,COW_600
1960,COW_220,COW_620
1960,COW_220,COW_640
1960,COW_220,COW_770
1960,COW_220,COW_800
1960,COW_220,COW_840
1960,COW_220,COW_900
1960,COW_220,COW_920
1960,COW_230,COW_235
1960,COW_235,COW_260
1960,COW_235,COW_325
1960,COW_235,COW_350
1960,COW_235,COW_385
1960,COW_235,COW_390
1960,COW_235,COW_395
1960,COW_235,COW_640
1960,COW_260,COW_325
1960,COW_260,COW_350
1960,COW_260,COW_385
1960,COW_260,COW_390
1960,COW_260,COW_395
1960,COW_260,COW_640
1960,COW_265,COW_290
1960,COW_265,COW_315
1960,COW_265,COW_339
1960,COW_265,COW_355
1960,COW_265,COW_360
1960,COW_265,COW_365
1960,COW_290,COW_310
1960,COW_290,COW_315
1960,COW_290,COW_339
1960,COW_290,COW_355
1960,COW_290,COW_360
1960,COW_290,COW_365
1960,COW_310,COW_315
1960,COW_310,COW_355
1960,COW_310,COW_360
1960,COW_310,COW_365
1960,COW_315,COW_339
1960,COW_315,COW_355
1960,COW_315,COW_360
1960,COW_315,COW_365
1960,COW_325,COW_350
1960,COW_325,COW_385
1960,COW_325,COW_390
1960,COW_325,COW_395
1960,COW_325,COW_640
1960,COW_339,COW_355
1960,COW_339,COW_360
1960,COW_339,COW_365
1960,COW_345,COW_350
1960,COW_345,COW_640
1960,COW_350,COW_352
1960,COW_350,COW_385
1960,COW_350,COW_390
1960,COW_350,COW_395
1960,COW_350,COW_640
1960,COW_352,COW_640
1960,COW_355,COW_360
1960,COW_355,COW_365
1960,COW_360,COW_365
1960,COW_365,COW_375
1960,COW_365,COW_700
1960,COW_365,COW_710
1960,COW_365,COW_712
1960,COW_385,COW_390
1960,COW_385,COW_395
1960,COW_385,COW_640
1960,COW_390,COW_395
1960,COW_390,COW_640
1960,COW_395,COW_640
1960,COW_40,COW_100
1960,COW_40,COW_101
1960,COW_40,COW_130
1960,COW_40,COW_135
1960,COW_40,COW_140
1960,COW_40,COW_145
1960,COW_40,COW_150
1960,COW_40,COW_155
1960,COW_40,COW_160
1960,COW_40,COW_165
1960,COW_40,COW_41
1960,COW_40,COW_42
1960,COW_40,COW_70
1960,COW_40,COW_90
1960,COW_40,COW_91
1960,COW_40,COW_92
1960,COW_40,COW_93
1960,COW_40,COW_94
1960,COW_40,COW_95
1960,COW_41,COW_100
1960,COW_41,COW_101
1960,COW_41,COW_130
1960,COW_41,COW_135
1960,COW_41,COW_140
1960,COW_41,COW_145
1960,COW_41,COW_150
1960,COW_41,COW_155
1960,COW_41,COW_160
1960,COW_41,COW_165
1960,COW_41,COW_42
1960,COW_41,COW_70
1960,COW_41,COW_90
1960,COW_41,COW_91
1960,COW_41,COW_92
1960,COW_41,COW_93
1960,COW_41,COW_94
1960,COW_41,COW_95
1960,COW_42,COW_100
1960,COW_42,COW_101
1960,COW_42,COW_130
1960,COW_42,COW_135
1960,COW_42,COW_140
1960,COW_42,COW_145
1960,COW_42,COW_150
1960,COW_42,COW_155
1960,COW_42,COW_160
1960,COW_42,COW_165
1960,COW_42,COW_70
1960,COW_42,COW_90
1960,COW_42,COW_91
1960,COW_42,COW_92
1960,COW_42,COW_93
1960,COW_42,COW_94
1960,COW_42,COW_95
1960,COW_482,COW_483
1960,COW_482,COW_484
1960,COW_483,COW_484
1960,COW_600,COW_616
1960,COW_600,COW_620
1960,COW_600,COW_625
1960,COW_600,COW_645
1960,COW_600,COW_651
1960,COW_600,COW_660
1960,COW_600,COW_663
1960,COW_600,COW_670
1960,COW_600,COW_678
1960,COW_616,COW_620
1960,COW_616,COW_625
1960,COW_616,COW_645
1960,COW_616,COW_651
1960,COW_616,COW_660
1960,COW_616,COW_663
1960,COW_616,COW_670
1960,COW_616,COW_678
1960,COW_620,COW_625
1960,COW_620,COW_645
1960,COW_620,COW_651
1960,COW_620,COW_660
1960,COW_620,COW_663
1960,COW_620,COW_670
1960,COW_620,COW_678
1960,COW_625,COW_645
1960,COW_625,COW_651
1960,COW_625,COW_660
1960,COW_625,COW_663
1960,COW_625,COW_670
1960,COW_625,COW_678
1960,COW_630,COW_640
1960,COW_630,COW_770
1960,COW_640,COW_770
1960,COW_645,COW_651
1960,COW_645,COW_660
1960,COW_645,COW_663
1960,COW_645,COW_670
1960,COW_645,COW_678
1960,COW_651,COW_660
1960,COW_651,COW_663
1960,COW_651,COW_670
1960,COW_651,COW_678
1960,COW_660,COW_663
1960,COW_660,COW_670
1960,COW_660,COW_678
1960,COW_663,COW_670
1960,COW_663,COW_678
1960,COW_670,COW_678
1960,COW_70,COW_100
1960,COW_70,COW_101
1960,COW_70,COW_130
1960,COW_70,COW_135
1960,COW_70,COW_140
1960,COW_70,COW_145
1960,COW_70,COW_150
1960,COW_70,COW_155
1960,COW_70,COW_160
1960,COW_70,COW_165
1960,COW_70,COW_90
1960,COW_70,COW_91
1960,COW_70,COW_92
1960,COW_70,COW_93
1960,COW_70,COW_94
1960,COW_70,COW_95
1960,COW_700,COW_710
1960,COW_710,COW_775
1960,COW_710,COW_811
1960,COW_770,COW_800
1960,COW_770,COW_840
1960,COW_770,COW_900
1960,COW_770,COW_920
1960,COW_800,COW_840
1960,COW_800,COW_900
1960,COW_800,COW_920
1960,COW_840,COW_900
1960,COW_840,COW_920
1960,COW_90,COW_100
1960,COW_90,COW_101
1960,COW_90,COW_130
1960,COW_90,COW_135
1960,COW_90,COW_140
1960,COW_90,COW_145
1960,COW_90,COW_150
1960,COW_90,COW_155
1960,COW_90,COW_160
1960,COW_90,COW_165
1960,COW_90,COW_91
1960,COW_90,COW_92
1960,COW_90,COW_93
1960,COW_90,COW_94
1960,COW_90,COW_95
1960,COW_900,COW_920
1960,COW_91,COW_100
1960,COW_91,COW_101
1960,COW_91,COW_130
1960,COW_91,COW_135
1960,COW_91,COW_140
1960,COW_91,COW_145
1960,COW_91,COW_150
1960,COW_91,COW_155
1960,COW_91,COW_160
1960,COW_91,COW_165
1960,COW_91,COW_92
1960,COW_91,COW_93
1960,COW_91,COW_94
1960,COW_91,COW_95
1960,COW_92,COW_100
1960,COW_92,COW_101
1960,COW_92,COW_130
1960,COW_92,COW_135
1960,COW_92,COW_140
1960,COW_92,COW_145
1960,COW_92,COW_150
1960,COW_92,COW_155
1960,COW_92,COW_160
1960,COW_92,COW_165
1960,COW_92,COW_93
1960,COW_92,COW_94
1960,COW_92,COW_95
1960,COW_93,COW_100
1960,COW_93,COW_101
1960,COW_93,COW_130
1960,COW_93,COW_135
1960,COW_93,COW_140
1960,COW_93,COW_145
1960,COW_93,COW_150
1960,COW_93,COW_155
1960,COW_93,COW_160
1960,COW_93,COW_165
1960,COW_93,COW_94
1960,COW_93,COW_95
1960,COW_94,COW_100
1960,COW_94,COW_101
1960,COW_94,COW_130
1960,COW_94,COW_135
1960,COW_94,COW_140
1960,COW_94,COW_145
1960,COW_94,COW_150
1960,COW_94,COW_155
1960,COW_94,COW_160
1960,COW_94,COW_165
1960,COW_94,COW_95
1960,COW_95,COW_100
1960,COW_95,COW_101
1960,COW_95,COW_130
1960,COW_95,COW_135
1960,COW_95,COW_140
1960,COW_95,COW_145
1960,COW_95,COW_150
1960,COW_95,COW_155
1960,COW_95,COW_160
1960,COW_95,COW_165
1961,COW_100,COW_101
1961,COW_100,COW_130
1961,COW_100,COW_135
1961,COW_100,COW_140
1961,COW_100,COW_145
1961,COW_100,COW_150
1961,COW_100,COW_155
1961,COW_100,COW_160
1961,COW_100,COW_165
1961,COW_101,COW_130
1961,COW_101,COW_135
1961,COW_101,COW_140
1961,COW_101,COW_145
1961,COW_101,COW_150
1961,COW_101,COW_155
1961,COW_101,COW_160
1961,COW_101,COW_165
1961,COW_130,COW_135
1961,COW_130,COW_140
1961,COW_130,COW_145
1961,COW_130,COW_150
1961,COW_130,COW_155
1961,COW_130,COW_160
1961,COW_130,COW_165
1961,COW_135,COW_140
1961,COW_135,COW_145
1961,COW_135,COW_150
1961,COW_135,COW_155
1961,COW_135,COW_160
1961,COW_135,COW_165
1961,COW_140,COW_145
1961,COW_140,COW_150
1961,COW_140,COW_155
1961,COW_140,COW_160
1961,COW_140,COW_165
1961,COW_145,COW_150
1961,COW_145,COW_155
1961,COW_145,COW_160
1961,COW_145,COW_165
1961,COW_150,COW_155
1961,COW_150,COW_160
1961,COW_150,COW_165
1961,COW_155,COW_160
1961,COW_155,COW_165
1961,COW_160,COW_165
1961,COW_2,COW_100
1961,COW_2,COW_101
1961,COW_2,COW_130
1961,COW_2,COW_135
1961,COW_2,COW_140
1961,COW_2,COW_145
1961,COW_2,COW_150
1961,COW_2,COW_155
1961,COW_2,COW_160
1961,COW_2,COW_165
1961,COW_2,COW_20
1961,COW_2,COW_200
1961,COW_2,COW_210
1961,COW_2,COW_211
1961,COW_2,COW_212
1961,COW_2,COW_220
1961,COW_2,COW_235
1961,COW_2,COW_260
1961,COW_2,COW_325
1961,COW_2,COW_350
1961,COW_2,COW_385
1961,COW_2,COW_390
1961,COW_2,COW_395
1961,COW_2,COW_40
1961,COW_2,COW_41
1961,COW_2,COW_42
1961,COW_2,COW_450
1961,COW_2,COW_630
1961,COW_2,COW_640
1961,COW_2,COW_70
1961,COW_2,COW_713
1961,COW_2,COW_732
1961,COW_2,COW_740
1961,COW_2,COW_770
1961,COW_2,COW_800
1961,COW_2,COW_840
1961,COW_2,COW_90
1961,COW_2,COW_900
1961,COW_2,COW_91
1961,COW_2,COW_92
1961,COW_2,COW_920
1961,COW_2,COW_93
1961,COW_2,COW_94
1961,COW_2,COW_95
1961,COW_20,COW_200
1961,COW_20,COW_210
1961,COW_20,COW_211
1961,COW_20,COW_212
1961,COW_20,COW_220
1961,COW_20,COW_235
1961,COW_20,COW_260
1961,COW_20,COW_325
1961,COW_20,COW_350
1961,COW_20,COW_385
1961,COW_20,COW_390
1961,COW_20,COW_395
1961,COW_20,COW_640
1961,COW_200,COW_210
1961,COW_200,COW_211
1961,COW_200,COW_212
1961,COW_200,COW_220
1961,COW_200,COW_235
1961,COW_200,COW_260
1961,COW_200,COW_325
1961,COW_200,COW_350
1961,COW_200,COW_385
1961,COW_200,COW_390
1961,COW_200,COW_395
1961,COW_200,COW_620
1961,COW_200,COW_630
1961,COW_200,COW_640
1961,COW_200,COW_770
1961,COW_200,COW_800
1961,COW_200,COW_820
1961,COW_200,COW_840
1961,COW_200,COW_900
1961,COW_200,COW_920
1961,COW_210,COW_211
1961,COW_210,COW_212
1961,COW_210,COW_220
1961,COW_210,COW_235
1961,COW_210,COW_260
1961,COW_210,COW_325
1961,COW_210,COW_350
1961,COW_210,COW_385
1961,COW_210,COW_390
1961,COW_210,COW_395
1961,COW_210,COW_640
1961,COW_211,COW_212
1961,COW_211,COW_220
1961,COW_211,COW_235
1961,COW_211,COW_260
1961,COW_211,COW_325
1961,COW_211,COW_350
1961,COW_211,COW_385
1961,COW_211,COW_390
1961,COW_211,COW_395
1961,COW_211,COW_640
1961,COW_212,COW_220
1961,COW_212,COW_235
1961,COW_212,COW_260
1961,COW_212,COW_325
1961,COW_212,COW_350
1961,COW_212,COW_385
1961,COW_212,COW_390
1961,COW_212,COW_395
1961,COW_212,COW_640
1961,COW_220,COW_235
1961,COW_220,COW_260
1961,COW_220,COW_325
1961,COW_220,COW_350
1961,COW_220,COW_385
1961,COW_220,COW_390
1961,COW_220,COW_395
1961,COW_220,COW_481
1961,COW_220,COW_482
1961,COW_220,COW_483
1961,COW_220,COW_484
1961,COW_220,COW_600
1961,COW_220,COW_620
1961,COW_220,COW_640
1961,COW_220,COW_770
1961,COW_220,COW_800
1961,COW_220,COW_840
1961,COW_220,COW_900
1961,COW_220,COW_920
1961,COW_230,COW_235
1961,COW_235,COW_260
1961,COW_235,COW_325
1961,COW_235,COW_350
1961,COW_235,COW_385
1961,COW_235,COW_390
1961,COW_235,COW_395
1961,COW_235,COW_640
1961,COW_260,COW_325
1961,COW_260,COW_350
1961,COW_260,COW_385
1961,COW_260,COW_390
1961,COW_260,COW_395
1961,COW_260,COW_640
1961,COW_265,COW_290
1961,COW_265,COW_315
1961,COW_265,COW_339
1961,COW_265,COW_355
1961,COW_265,COW_360
1961,COW_265,COW_365
1961,COW_290,COW_310
1961,COW_290,COW_315
1961,COW_290,COW_339
1961,COW_290,COW_355
1961,COW_290,COW_360
1961,COW_290,COW_365
1961,COW_310,COW_315
1961,COW_310,COW_355
1961,COW_310,COW_360
1961,COW_310,COW_365
1961,COW_315,COW_339
1961,COW_315,COW_355
1961,COW_315,COW_360
1961,COW_315,COW_365
1961,COW_325,COW_350
1961,COW_325,COW_385
1961,COW_325,COW_390
1961,COW_325,COW_395
1961,COW_325,COW_640
1961,COW_339,COW_355
1961,COW_339,COW_360
1961,COW_339,COW_365
1961,COW_345,COW_350
1961,COW_345,COW_640
1961,COW_350,COW_352
1961,COW_350,COW_385
1961,COW_350,COW_390
1961,COW_350,COW_395
1961,COW_350,COW_640
1961,COW_352,COW_640
1961,COW_355,COW_360
1961,COW_355,COW_365
1961,COW_360,COW_365
1961,COW_365,COW_375
1961,COW_365,COW_700
1961,COW_365,COW_710
1961,COW_365,COW_712
1961,COW_365,COW_731
1961,COW_385,COW_390
1961,COW_385,COW_395
1961,COW_385,COW_640
1961,COW_390,COW_395
1961,COW_390,COW_640
1961,COW_395,COW_640
1961,COW_40,COW_100
1961,COW_40,COW_101
1961,COW_40,COW_130
1961,COW_40,COW_135
1961,COW_40,COW_140
1961,COW_40,COW_145
1961,COW_40,COW_150
1961,COW_40,COW_155
1961,COW_40,COW_160
1961,COW_40,COW_165
1961,COW_40,COW_41
1961,COW_40,COW_42
1961,COW_40,COW_70
1961,COW_40,COW_90
1961,COW_40,COW_91
1961,COW_40,COW_92
1961,COW_40,COW_93
1961,COW_40,COW_94
1961,COW_40,COW_95
1961,COW_41,COW_100
1961,COW_41,COW_101
1961,COW_41,COW_130
1961,COW_41,COW_135
1961,COW_41,COW_140
1961,COW_41,COW_145
1961,COW_41,COW_150
1961,COW_41,COW_155
1961,COW_41,COW_160
1961,COW_41,COW_165
1961,COW_41,COW_42
1961,COW_41,COW_70
1961,COW_41,COW_90
1961,COW_41,COW_91
1961,COW_41,COW_92
1961,COW_41,COW_93
1961,COW_41,COW_94
1961,COW_41,COW_95
1961,COW_42,COW_100
1961,COW_42,COW_101
1961,COW_42,COW_130
1961,COW_42,COW_135
1961,COW_42,COW_140
1961,COW_42,COW_145
1961,COW_42,COW_150
1961,COW_42,COW_155
1961,COW_42,COW_160
1961,COW_42,COW_165
1961,COW_42,COW_70
1961,COW_42,COW_90
1961,COW_42,COW_91
1961,COW_42,COW_92
1961,COW_42,COW_93
1961,COW_42,COW_94
1961,COW_42,COW_95
1961,COW_432,COW_438
1961,COW_432,COW_452
1961,COW_433,COW_434
1961,COW_433,COW_435
1961,COW_433,COW_436
1961,COW_433,COW_437
1961,COW_433,COW_439
1961,COW_433,COW_471
1961,COW_433,COW_481
1961,COW_433,COW_482
1961,COW_433,COW_483
1961,COW_433,COW_484
1961,COW_433,COW_580
1961,COW_434,COW_435
1961,COW_434,COW_436
1961,COW_434,COW_437
1961,COW_434,COW_439
1961,COW_434,COW_471
1961,COW_434,COW_481
1961,COW_434,COW_482
1961,COW_434,COW_483
1961,COW_434,COW_484
1961,COW_434,COW_580
1961,COW_435,COW_436
1961,COW_435,COW_437
1961,COW_435,COW_439
1961,COW_435,COW_471
1961,COW_435,COW_481
1961,COW_435,COW_482
1961,COW_435,COW_483
1961,COW_435,COW_484
1961,COW_435,COW_580
1961,COW_436,COW_437
1961,COW_436,COW_439
1961,COW_436,COW_471
1961,COW_436,COW_481
1961,COW_436,COW_482
1961,COW_436,COW_483
1961,COW_436,COW_484
1961,COW_436,COW_580
1961,COW_437,COW_439
1961,COW_437,COW_471
1961,COW_437,COW_481
1961,COW_437,COW_482
1961,COW_437,COW_483
1961,COW_437,COW_484
1961,COW_437,COW_580
1961,COW_438,COW_452
1961,COW_439,COW_471
1961,COW_439,COW_481
1961,COW_439,COW_482
1961,COW_439,COW_483
1961,COW_439,COW_484
1961,COW_439,COW_580
1961,COW_471,COW_481
1961,COW_471,COW_482
1961,COW_471,COW_483
1961,COW_471,COW_484
1961,COW_471,COW_580
1961,COW_481,COW_482
1961,COW_481,COW_483
1961,COW_481,COW_484
1961,COW_481,COW_580
1961,COW_482,COW_483
1961,COW_482,COW_484
1961,COW_482,COW_580
1961,COW_483,COW_484
1961,COW_483,COW_580
1961,COW_484,COW_580
1961,COW_600,COW_616
1961,COW_600,COW_620
1961,COW_600,COW_625
1961,COW_600,COW_645
1961,COW_600,COW_651
1961,COW_600,COW_652
1961,COW_600,COW_660
1961,COW_600,COW_663
1961,COW_600,COW_670
1961,COW_600,COW_678
1961,COW_600,COW_690
1961,COW_616,COW_620
1961,COW_616,COW_625
1961,COW_616,COW_645
1961,COW_616,COW_651
1961,COW_616,COW_652
1961,COW_616,COW_660
1961,COW_616,COW_663
1961,COW_616,COW_670
1961,COW_616,COW_678
1961,COW_616,COW_690
1961,COW_620,COW_625
1961,COW_620,COW_645
1961,COW_620,COW_651
1961,COW_620,COW_652
1961,COW_620,COW_660
1961,COW_620,COW_663
1961,COW_620,COW_670
1961,COW_620,COW_678
1961,COW_625,COW_645
1961,COW_625,COW_651
1961,COW_625,COW_652
1961,COW_625,COW_660
1961,COW_625,COW_663
1961,COW_625,COW_670
1961,COW_625,COW_678
1961,COW_630,COW_640
1961,COW_630,COW_770
1961,COW_640,COW_770
1961,COW_645,COW_651
1961,COW_645,COW_652
1961,COW_645,COW_660
1961,COW_645,COW_663
1961,COW_645,COW_670
1961,COW_645,COW_678
1961,COW_645,COW_690
1961,COW_651,COW_652
1961,COW_651,COW_660
1961,COW_651,COW_663
1961,COW_651,COW_670
1961,COW_651,COW_678
1961,COW_651,COW_690
1961,COW_652,COW_660
1961,COW_652,COW_663
1961,COW_652,COW_670
1961,COW_652,COW_678
1961,COW_652,COW_690
1961,COW_660,COW_663
1961,COW_660,COW_670
1961,COW_660,COW_678
1961,COW_660,COW_690
1961,COW_663,COW_670
1961,COW_663,COW_678
1961,COW_663,COW_690
1961,COW_670,COW_678
1961,COW_670,COW_690
1961,COW_678,COW_690
1961,COW_70,COW_100
1961,COW_70,COW_101
1961,COW_70,COW_130
1961,COW_70,COW_135
1961,COW_70,COW_140
1961,COW_70,COW_145
1961,COW_70,COW_150
1961,COW_70,COW_155
1961,COW_70,COW_160
1961,COW_70,COW_165
1961,COW_70,COW_90
1961,COW_70,COW_91
1961,COW_70,COW_92
1961,COW_70,COW_93
1961,COW_70,COW_94
1961,COW_70,COW_95
1961,COW_700,COW_710
1961,COW_710,COW_731
1961,COW_710,COW_775
1961,COW_710,COW_811
1961,COW_770,COW_800
1961,COW_770,COW_840
1961,COW_770,COW_900
1961,COW_770,COW_920
1961,COW_800,COW_840
1961,COW_800,COW_900
1961,COW_800,COW_920
1961,COW_840,COW_900
1961,COW_840,COW_920
1961,COW_90,COW_100
1961,COW_90,COW_101
1961,COW_90,COW_130
1961,COW_90,COW_135
1961,COW_90,COW_140
1961,COW_90,COW_145
1961,COW_90,COW_150
1961,COW_90,COW_155
1961,COW_90,COW_160
1961,COW_90,COW_165
1961,COW_90,COW_91
1961,COW_90,COW_92
1961,COW_90,COW_93
1961,COW_90,COW_94
1961,COW_90,COW_95
1961,COW_900,COW_920
1961,COW_91,COW_100
1961,COW_91,COW_101
1961,COW_91,COW_130
1961,COW_91,COW_135
1961,COW_91,COW_140
1961,COW_91,COW_145
1961,COW_91,COW_150
1961,COW_91,COW_155
1961,COW_91,COW_160
1961,COW_91,COW_165
1961,COW_91,COW_92
1961,COW_91,COW_93
1961,COW_91,COW_94
1961,COW_91,COW_95
1961,COW_92,COW_100
1961,COW_92,COW_101
1961,COW_92,COW_130
1961,COW_92,COW_135
1961,COW_92,COW_140
1961,COW_92,COW_145
1961,COW_92,COW_150
1961,COW_92,COW_155
1961,COW_92,COW_160
1961,COW_92,COW_165
1961,COW_92,COW_93
1961,COW_92,COW_94
1961,COW_92,COW_95
1961,COW_93,COW_100
1961,COW_93,COW_101
1961,COW_93,COW_130
1961,COW_93,COW_135
1961,COW_93,COW_140
1961,COW_93,COW_145
1961,COW_93,COW_150
1961,COW_93,COW_155
1961,COW_93,COW_160
1961,COW_93,COW_165
1961,COW_93,COW_94
1961,COW_93,COW_95
1961,COW_94,COW_100
1961,COW_94,COW_101
1961,COW_94,COW_130
1961,COW_94,COW_135
1961,COW_94,COW_140
1961,COW_94,COW_145
1961,COW_94,COW_150
1961,COW_94,COW_155
1961,COW_94,COW_160
1961,COW_94,COW_165
1961,COW_94,COW_95
1961,COW_95,COW_100
1961,COW_95,COW_101
1961,COW_95,COW_130
1961,COW_95,COW_135
1961,COW_95,COW_140
1961,COW_95,COW_145
1961,COW_95,COW_150
1961,COW_95,COW_155
1961,COW_95,COW_160
1961,COW_95,COW_165
1962,COW_100,COW_101
1962,COW_100,COW_130
1962,COW_100,COW_135
1962,COW_100,COW_140
1962,COW_100,COW_145
1962,COW_100,COW_150
1962,COW_100,COW_155
1962,COW_100,COW_160
1962,COW_100,COW_165
1962,COW_101,COW_130
1962,COW_101,COW_135
1962,COW_101,COW_140
1962,COW_101,COW_145
1962,COW_101,COW_150
1962,COW_101,COW_155
1962,COW_101,COW_160
1962,COW_101,COW_165
1962,COW_130,COW_135
1962,COW_130,COW_140
1962,COW_130,COW_145
1962,COW_130,COW_150
1962,COW_130,COW_155
1962,COW_130,COW_160
1962,COW_130,COW_165
1962,COW_135,COW_140
1962,COW_135,COW_145
1962,COW_135,COW_150
1962,COW_135,COW_155
1962,COW_135,COW_160
1962,COW_135,COW_165
1962,COW_140,COW_145
1962,COW_140,COW_150
1962,COW_140,COW_155
1962,COW_140,COW_160
1962,COW_140,COW_165
1962,COW_145,COW_150
1962,COW_145,COW_155
1962,COW_145,COW_160
1962,COW_145,COW_165
1962,COW_150,COW_155
1962,COW_150,COW_160
1962,COW_150,COW_165
1962,COW_155,COW_160
1962,COW_155,COW_165
1962,COW_160,COW_165
1962,COW_2,COW_100
1962,COW_2,COW_101
1962,COW_2,COW_130
1962,COW_2,COW_135
1962,COW_2,COW_140
1962,COW_2,COW_145
1962,COW_2,COW_150
1962,COW_2,COW_155
1962,COW_2,COW_160
1962,COW_2,COW_165
1962,COW_2,COW_20
1962,COW_2,COW_200
1962,COW_2,COW_210
1962,COW_2,COW_211
1962,COW_2,COW_212
1962,COW_2,COW_220
1962,COW_2,COW_235
1962,COW_2,COW_260
1962,COW_2,COW_290
1962,COW_2,COW_325
1962,COW_2,COW_350
1962,COW_2,COW_365
1962,COW_2,COW_385
1962,COW_2,COW_390
1962,COW_2,COW_395
1962,COW_2,COW_40
1962,COW_2,COW_41
1962,COW_2,COW_42
1962,COW_2,COW_450
1962,COW_2,COW_630
1962,COW_2,COW_640
1962,COW_2,COW_70
1962,COW_2,COW_710
1962,COW_2,COW_713
1962,COW_2,COW_732
1962,COW_2,COW_740
1962,COW_2,COW_750
1962,COW_2,COW_770
1962,COW_2,COW_775
1962,COW_2,COW_800
1962,COW_2,COW_811
1962,COW_2,COW_816
1962,COW_2,COW_817
1962,COW_2,COW_840
1962,COW_2,COW_90
1962,COW_2,COW_900
1962,COW_2,COW_91
1962,COW_2,COW_92
1962,COW_2,COW_920
1962,COW_2,COW_93
1962,COW_2,COW_94
1962,COW_2,COW_95
1962,COW_20,COW_200
1962,COW_20,COW_210
1962,COW_20,COW_211
1962,COW_20,COW_212
1962,COW_20,COW_220
1962,COW_20,COW_235
1962,COW_20,COW_260
1962,COW_20,COW_290
1962,COW_20,COW_325
1962,COW_20,COW_350
1962,COW_20,COW_365
1962,COW_20,COW_385
1962,COW_20,COW_390
1962,COW_20,COW_395
1962,COW_20,COW_640
1962,COW_20,COW_710
1962,COW_20,COW_750
1962,COW_20,COW_775
1962,COW_20,COW_800
1962,COW_20,COW_811
1962,COW_20,COW_816
1962,COW_20,COW_817
1962,COW_200,COW_210
1962,COW_200,COW_211
1962,COW_200,COW_212
1962,COW_200,COW_220
1962,COW_200,COW_235
1962,COW_200,COW_260
1962,COW_200,COW_290
1962,COW_200,COW_325
1962,COW_200,COW_350
1962,COW_200,COW_365
1962,COW_200,COW_385
1962,COW_200,COW_390
1962,COW_200,COW_395
1962,COW_200,COW_620
1962,COW_200,COW_630
1962,COW_200,COW_640
1962,COW_200,COW_710
1962,COW_200,COW_750
1962,COW_200,COW_770
1962,COW_200,COW_775
1962,COW_200,COW_800
1962,COW_200,COW_811
1962,COW_200,COW_816
1962,COW_200,COW_817
1962,COW_200,COW_820
1962,COW_200,COW_840
1962,COW_200,COW_900
1962,COW_200,COW_920
1962,COW_210,COW_211
1962,COW_210,COW_212
1962,COW_210,COW_220
1962,COW_210,COW_235
1962,COW_210,COW_260
1962,COW_210,COW_325
1962,COW_210,COW_350
1962,COW_210,COW_385
1962,COW_210,COW_390
1962,COW_210,COW_395
1962,COW_210,COW_640
1962,COW_211,COW_212
1962,COW_211,COW_220
1962,COW_211,COW_235
1962,COW_211,COW_260
1962,COW_211,COW_325
1962,COW_211,COW_350
1962,COW_211,COW_385
1962,COW_211,COW_390
1962,COW_211,COW_395
1962,COW_211,COW_640
1962,COW_212,COW_220
1962,COW_212,COW_235
1962,COW_212,COW_260
1962,COW_212,COW_325
1962,COW_212,COW_350
1962,COW_212,COW_385
1962,COW_212,COW_390
1962,COW_212,COW_395
1962,COW_212,COW_640
1962,COW_220,COW_235
1962,COW_220,COW_260
1962,COW_220,COW_290
1962,COW_220,COW_325
1962,COW_220,COW_350
1962,COW_220,COW_365
1962,COW_220,COW_385
1962,COW_220,COW_390
1962,COW_220,COW_395
1962,COW_220,COW_481
1962,COW_220,COW_482
1962,COW_220,COW_483
1962,COW_220,COW_484
1962,COW_220,COW_600
1962,COW_220,COW_620
1962,COW_220,COW_640
1962,COW_220,COW_710
1962,COW_220,COW_750
1962,COW_220,COW_770
1962,COW_220,COW_775
1962,COW_220,COW_800
1962,COW_220,COW_811
1962,COW_220,COW_816
1962,COW_220,COW_817
1962,COW_220,COW_840
1962,COW_220,COW_900
1962,COW_220,COW_920
1962,COW_230,COW_235
1962,COW_235,COW_260
1962,COW_235,COW_325
1962,COW_235,COW_350
1962,COW_235,COW_385
1962,COW_235,COW_390
1962,COW_235,COW_395
1962,COW_235,COW_640
1962,COW_260,COW_325
1962,COW_260,COW_350
1962,COW_260,COW_385
1962,COW_260,COW_390
1962,COW_260,COW_395
1962,COW_260,COW_640
1962,COW_265,COW_290
1962,COW_265,COW_315
1962,COW_265,COW_339
1962,COW_265,COW_355
1962,COW_265,COW_360
1962,COW_265,COW_365
1962,COW_290,COW_310
1962,COW_290,COW_315
1962,COW_290,COW_339
1962,COW_290,COW_355
1962,COW_290,COW_360
1962,COW_290,COW_365
1962,COW_290,COW_710
1962,COW_290,COW_750
1962,COW_290,COW_775
1962,COW_290,COW_800
1962,COW_290,COW_811
1962,COW_290,COW_816
1962,COW_290,COW_817
1962,COW_310,COW_315
1962,COW_310,COW_355
1962,COW_310,COW_360
1962,COW_310,COW_365
1962,COW_315,COW_339
1962,COW_315,COW_355
1962,COW_315,COW_360
1962,COW_315,COW_365
1962,COW_325,COW_350
1962,COW_325,COW_385
1962,COW_325,COW_390
1962,COW_325,COW_395
1962,COW_325,COW_640
1962,COW_339,COW_355
1962,COW_339,COW_360
1962,COW_339,COW_365
1962,COW_345,COW_350
1962,COW_345,COW_640
1962,COW_350,COW_352
1962,COW_350,COW_385
1962,COW_350,COW_390
1962,COW_350,COW_395
1962,COW_350,COW_640
1962,COW_352,COW_640
1962,COW_355,COW_360
1962,COW_355,COW_365
1962,COW_360,COW_365
1962,COW_365,COW_375
1962,COW_365,COW_700
1962,COW_365,COW_710
1962,COW_365,COW_712
1962,COW_365,COW_731
1962,COW_365,COW_750
1962,COW_365,COW_775
1962,COW_365,COW_800
1962,COW_365,COW_811
1962,COW_365,COW_816
1962,COW_365,COW_817
1962,COW_385,COW_390
1962,COW_385,COW_395
1962,COW_385,COW_640
1962,COW_390,COW_395
1962,COW_390,COW_640
1962,COW_395,COW_640
1962,COW_40,COW_100
1962,COW_40,COW_101
1962,COW_40,COW_130
1962,COW_40,COW_135
1962,COW_40,COW_140
1962,COW_40,COW_145
1962,COW_40,COW_150
1962,COW_40,COW_155
1962,COW_40,COW_160
1962,COW_40,COW_165
1962,COW_40,COW_41
1962,COW_40,COW_42
1962,COW_40,COW_70
1962,COW_40,COW_90
1962,COW_40,COW_91
1962,COW_40,COW_92
1962,COW_40,COW_93
1962,COW_40,COW_94
1962,COW_40,COW_95
1962,COW_41,COW_100
1962,COW_41,COW_101
1962,COW_41,COW_130
1962,COW_41,COW_135
1962,COW_41,COW_140
1962,COW_41,COW_145
1962,COW_41,COW_150
1962,COW_41,COW_155
1962,COW_41,COW_160
1962,COW_41,COW_165
1962,COW_41,COW_42
1962,COW_41,COW_70
1962,COW_41,COW_90
1962,COW_41,COW_91
1962,COW_41,COW_92
1962,COW_41,COW_93
1962,COW_41,COW_94
1962,COW_41,COW_95
1962,COW_42,COW_100
1962,COW_42,COW_101
1962,COW_42,COW_130
1962,COW_42,COW_135
1962,COW_42,COW_140
1962,COW_42,COW_145
1962,COW_42,COW_150
1962,COW_42,COW_155
1962,COW_42,COW_160
1962,COW_42,COW_165
1962,COW_42,COW_70
1962,COW_42,COW_90
1962,COW_42,COW_91
1962,COW_42,COW_92
1962,COW_42,COW_93
1962,COW_42,COW_94
1962,COW_42,COW_95
1962,COW_432,COW_438
1962,COW_432,COW_452
1962,COW_433,COW_434
1962,COW_433,COW_435
1962,COW_433,COW_436
1962,COW_433,COW_437
1962,COW_433,COW_439
1962,COW_433,COW_471
1962,COW_433,COW_481
1962,COW_433,COW_482
1962,COW_433,COW_483
1962,COW_433,COW_484
1962,COW_433,COW_580
1962,COW_434,COW_435
1962,COW_434,COW_436
1962,COW_434,COW_437
1962,COW_434,COW_439
1962,COW_434,COW_471
1962,COW_434,COW_481
1962,COW_434,COW_482
1962,COW_434,COW_483
1962,COW_434,COW_484
1962,COW_434,COW_580
1962,COW_435,COW_436
1962,COW_435,COW_437
1962,COW_435,COW_439
1962,COW_435,COW_471
1962,COW_435,COW_481
1962,COW_435,COW_482
1962,COW_435,COW_483
1962,COW_435,COW_484
1962,COW_435,COW_580
1962,COW_436,COW_437
1962,COW_436,COW_439
1962,COW_436,COW_471
1962,COW_436,COW_481
1962,COW_436,COW_482
1962,COW_436,COW_483
1962,COW_436,COW_484
1962,COW_436,COW_580
1962,COW_437,COW_439
1962,COW_437,COW_471
1962,COW_437,COW_481
1962,COW_437,COW_482
1962,COW_437,COW_483
1962,COW_437,COW_484
1962,COW_437,COW_580
1962,COW_438,COW_452
1962,COW_439,COW_471
1962,COW_439,COW_481
1962,COW_439,COW_482
1962,COW_439,COW_483
1962,COW_439,COW_484
1962,COW_439,COW_580
1962,COW_471,COW_481
1962,COW_471,COW_482
1962,COW_471,COW_483
1962,COW_471,COW_484
1962,COW_471,COW_580
1962,COW_481,COW_482
1962,COW_481,COW_483
1962,COW_481,COW_484
1962,COW_481,COW_580
1962,COW_482,COW_483
1962,COW_482,COW_484
1962,COW_482,COW_580
1962,COW_483,COW_484
1962,COW_483,COW_580
1962,COW_484,COW_580
1962,COW_600,COW_615
1962,COW_600,COW_616
1962,COW_600,COW_620
1962,COW_600,COW_625
1962,COW_600,COW_645
1962,COW_600,COW_651
1962,COW_600,COW_652
1962,COW_600,COW_660
1962,COW_600,COW_663
1962,COW_600,COW_670
1962,COW_600,COW_678
1962,COW_600,COW_690
1962,COW_615,COW_616
1962,COW_615,COW_620
1962,COW_615,COW_625
1962,COW_615,COW_645
1962,COW_615,COW_651
1962,COW_615,COW_652
1962,COW_615,COW_660
1962,COW_615,COW_663
1962,COW_615,COW_670
1962,COW_615,COW_678
1962,COW_616,COW_620
1962,COW_616,COW_625
1962,COW_616,COW_645
1962,COW_616,COW_651
1962,COW_616,COW_652
1962,COW_616,COW_660
1962,COW_616,COW_663
1962,COW_616,COW_670
1962,COW_616,COW_678
1962,COW_616,COW_690
1962,COW_620,COW_625
1962,COW_620,COW_645
1962,COW_620,COW_651
1962,COW_620,COW_652
1962,COW_620,COW_660
1962,COW_620,COW_663
1962,COW_620,COW_670
1962,COW_620,COW_678
1962,COW_625,COW_645
1962,COW_625,COW_651
1962,COW_625,COW_652
1962,COW_625,COW_660
1962,COW_625,COW_663
1962,COW_625,COW_670
1962,COW_625,COW_678
1962,COW_630,COW_640
1962,COW_630,COW_770
1962,COW_640,COW_770
1962,COW_645,COW_651
1962,COW_645,COW_652
1962,COW_645,COW_660
1962,COW_645,COW_663
1962,COW_645,COW_670
1962,COW_645,COW_678
1962,COW_645,COW_690
1962,COW_651,COW_652
1962,COW_651,COW_660
1962,COW_651,COW_663
1962,COW_651,COW_670
1962,COW_651,COW_678
1962,COW_651,COW_690
1962,COW_652,COW_660
1962,COW_652,COW_663
1962,COW_652,COW_670
1962,COW_652,COW_678
1962,COW_652,COW_690
1962,COW_660,COW_663
1962,COW_660,COW_670
1962,COW_660,COW_678
1962,COW_660,COW_690
1962,COW_663,COW_670
1962,COW_663,COW_678
1962,COW_663,COW_690
1962,COW_670,COW_678
1962,COW_670,COW_690
1962,COW_678,COW_690
1962,COW_70,COW_100
1962,COW_70,COW_101
1962,COW_70,COW_130
1962,COW_70,COW_135
1962,COW_70,COW_140
1962,COW_70,COW_145
1962,COW_70,COW_150
1962,COW_70,COW_155
1962,COW_70,COW_160
1962,COW_70,COW_165
1962,COW_70,COW_90
1962,COW_70,COW_91
1962,COW_70,COW_92
1962,COW_70,COW_93
1962,COW_70,COW_94
1962,COW_70,COW_95
1962,COW_700,COW_710
1962,COW_710,COW_731
1962,COW_710,COW_750
1962,COW_710,COW_775
1962,COW_710,COW_800
1962,COW_710,COW_811
1962,COW_710,COW_816
1962,COW_710,COW_817
1962,COW_750,COW_775
1962,COW_750,COW_800
1962,COW_750,COW_811
1962,COW_750,COW_816
1962,COW_750,COW_817
1962,COW_770,COW_800
1962,COW_770,COW_840
1962,COW_770,COW_900
1962,COW_770,COW_920
1962,COW_775,COW_800
1962,COW_775,COW_811
1962,COW_775,COW_816
1962,COW_775,COW_817
1962,COW_800,COW_811
1962,COW_800,COW_816
1962,COW_800,COW_817
1962,COW_800,COW_840
1962,COW_800,COW_900
1962,COW_800,COW_920
1962,COW_811,COW_816
1962,COW_811,COW_817
1962,COW_816,COW_817
1962,COW_840,COW_900
1962,COW_840,COW_920
1962,COW_90,COW_100
1962,COW_90,COW_101
1962,COW_90,COW_130
1962,COW_90,COW_135
1962,COW_90,COW_140
1962,COW_90,COW_145
1962,COW_90,COW_150
1962,COW_90,COW_155
1962,COW_90,COW_160
1962,COW_90,COW_165
1962,COW_90,COW_91
1962,COW_90,COW_92
1962,COW_90,COW_93
1962,COW_90,COW_94
1962,COW_90,COW_95
1962,COW_900,COW_920
1962,COW_91,COW_100
1962,COW_91,COW_101
1962,COW_91,COW_130
1962,COW_91,COW_135
1962,COW_91,COW_140
1962,COW_91,COW_145
1962,COW_91,COW_150
1962,COW_91,COW_155
1962,COW_91,COW_160
1962,COW_91,COW_165
1962,COW_91,COW_92
1962,COW_91,COW_93
1962,COW_91,COW_94
1962,COW_91,COW_95
1962,COW_92,COW_100
1962,COW_92,COW_101
1962,COW_92,COW_130
1962,COW_92,COW_135
1962,COW_92,COW_140
1962,COW_92,COW_145
1962,COW_92,COW_150
1962,COW_92,COW_155
1962,COW_92,COW_160
1962,COW_92,COW_165
1962,COW_92,COW_93
1962,COW_92,COW_94
1962,COW_92,COW_95
1962,COW_93,COW_100
1962,COW_93,COW_101
1962,COW_93,COW_130
1962,COW_93,COW_135
1962,COW_93,COW_140
1962,COW_93,COW_145
1962,COW_93,COW_150
1962,COW_93,COW_155
1962,COW_93,COW_160
1962,COW_93,COW_165
1962,COW_93,COW_94
1962,COW_93,COW_95
1962,COW_94,COW_100
1962,COW_94,COW_101
1962,COW_94,COW_130
1962,COW_94,COW_135
1962,COW_94,COW_140
1962,COW_94,COW_145
1962,COW_94,COW_150
1962,COW_94,COW_155
1962,COW_94,COW_160
1962,COW_94,COW_165
1962,COW_94,COW_95
1962,COW_95,COW_100
1962,COW_95,COW_101
1962,COW_95,COW_130
1962,COW_95,COW_135
1962,COW_95,COW_140
1962,COW_95,COW_145
1962,COW_95,COW_150
1962,COW_95,COW_155
1962,COW_95,COW_160
1962,COW_95,COW_165
1963,COW_100,COW_101
1963,COW_100,COW_130
1963,COW_100,COW_135
1963,COW_100,COW_140
1963,COW_100,COW_145
1963,COW_100,COW_150
1963,COW_100,COW_155
1963,COW_100,COW_160
1963,COW_100,COW_165
1963,COW_101,COW_130
1963,COW_101,COW_135
1963,COW_101,COW_140
1963,COW_101,COW_145
1963,COW_101,COW_150
1963,COW_101,COW_155
1963,COW_101,COW_160
1963,COW_101,COW_165
1963,COW_130,COW_135
1963,COW_130,COW_140
1963,COW_130,COW_145
1963,COW_130,COW_150
1963,COW_130,COW_155
1963,COW_130,COW_160
1963,COW_130,COW_165
1963,COW_135,COW_140
1963,COW_135,COW_145
1963,COW_135,COW_150
1963,COW_135,COW_155
1963,COW_135,COW_160
1963,COW_135,COW_165
1963,COW_140,COW_145
1963,COW_140,COW_150
1963,COW_140,COW_155
1963,COW_140,COW_160
1963,COW_140,COW_165
1963,COW_145,COW_150
1963,COW_145,COW_155
1963,COW_145,COW_160
1963,COW_145,COW_165
1963,COW_150,COW_155
1963,COW_150,COW_160
1963,COW_150,COW_165
1963,COW_155,COW_160
1963,COW_155,COW_165
1963,COW_160,COW_165
1963,COW_2,COW_100
1963,COW_2,COW_101
1963,COW_2,COW_130
1963,COW_2,COW_135
1963,COW_2,COW_140
1963,COW_2,COW_145
1963,COW_2,COW_150
1963,COW_2,COW_155
1963,COW_2,COW_160
1963,COW_2,COW_165
1963,COW_2,COW_20
1963,COW_2,COW_200
1963,COW_2,COW_210
1963,COW_2,COW_211
1963,COW_2,COW_212
1963,COW_2,COW_220
1963,COW_2,COW_235
1963,COW_2,COW_260
1963,COW_2,COW_290
1963,COW_2,COW_325
1963,COW_2,COW_350
1963,COW_2,COW_365
1963,COW_2,COW_385
1963,COW_2,COW_390
1963,COW_2,COW_395
1963,COW_2,COW_41
1963,COW_2,COW_42
1963,COW_2,COW_450
1963,COW_2,COW_630
1963,COW_2,COW_640
1963,COW_2,COW_70
1963,COW_2,COW_710
1963,COW_2,COW_713
1963,COW_2,COW_732
1963,COW_2,COW_740
1963,COW_2,COW_750
1963,COW_2,COW_770
1963,COW_2,COW_775
1963,COW_2,COW_800
1963,COW_2,COW_811
1963,COW_2,COW_816
1963,COW_2,COW_817
1963,COW_2,COW_840
1963,COW_2,COW_90
1963,COW_2,COW_900
1963,COW_2,COW_91
1963,COW_2,COW_92
1963,COW_2,COW_920
1963,COW_2,COW_93
1963,COW_2,COW_94
1963,COW_2,COW_95
1963,COW_20,COW_200
1963,COW_20,COW_210
1963,COW_20,COW_211
1963,COW_20,COW_212
1963,COW_20,COW_220
1963,COW_20,COW_235
1963,COW_20,COW_260
1963,COW_20,COW_290
1963,COW_20,COW_325
1963,COW_20,COW_350
1963,COW_20,COW_365
1963,COW_20,COW_385
1963,COW_20,COW_390
1963,COW_20,COW_395
1963,COW_20,COW_640
1963,COW_20,COW_710
1963,COW_20,COW_750
1963,COW_20,COW_775
1963,COW_20,COW_800
1963,COW_20,COW_811
1963,COW_20,COW_816
1963,COW_20,COW_817
1963,COW_200,COW_210
1963,COW_200,COW_211
1963,COW_200,COW_212
1963,COW_200,COW_220
1963,COW_200,COW_235
1963,COW_200,COW_260
1963,COW_200,COW_290
1963,COW_200,COW_325
1963,COW_200,COW_350
1963,COW_200,COW_365
1963,COW_200,COW_385
1963,COW_200,COW_390
1963,COW_200,COW_395
1963,COW_200,COW_620
1963,COW_200,COW_630
1963,COW_200,COW_640
1963,COW_200,COW_710
1963,COW_200,COW_750
1963,COW_200,COW_770
1963,COW_200,COW_775
1963,COW_200,COW_800
1963,COW_200,COW_811
1963,COW_200,COW_816
1963,COW_200,COW_817
1963,COW_200,COW_820
1963,COW_200,COW_840
1963,COW_200,COW_900
1963,COW_200,COW_920
1963,COW_210,COW_211
1963,COW_210,COW_212
1963,COW_210,COW_220
1963,COW_210,COW_235
1963,COW_210,COW_260
1963,COW_210,COW_325
1963,COW_210,COW_350
1963,COW_210,COW_385
1963,COW_210,COW_390
1963,COW_210,COW_395
1963,COW_210,COW_640
1963,COW_211,COW_212
1963,COW_211,COW_220
1963,COW_211,COW_235
1963,COW_211,COW_260
1963,COW_211,COW_325
1963,COW_211,COW_350
1963,COW_211,COW_385
1963,COW_211,COW_390
1963,COW_211,COW_395
1963,COW_211,COW_640
1963,COW_212,COW_220
1963,COW_212,COW_235
1963,COW_212,COW_260
1963,COW_212,COW_325
1963,COW_212,COW_350
1963,COW_212,COW_385
1963,COW_212,COW_390
1963,COW_212,COW_395
1963,COW_212,COW_640
1963,COW_220,COW_235
1963,COW_220,COW_260
1963,COW_220,COW_290
1963,COW_220,COW_325
1963,COW_220,COW_350
1963,COW_220,COW_365
1963,COW_220,COW_385
1963,COW_220,COW_390
1963,COW_220,COW_395
1963,COW_220,COW_481
1963,COW_220,COW_482
1963,COW_220,COW_483
1963,COW_220,COW_484
1963,COW_220,COW_600
1963,COW_220,COW_620
1963,COW_220,COW_640
1963,COW_220,COW_710
1963,COW_220,COW_750
1963,COW_220,COW_770
1963,COW_220,COW_775
1963,COW_220,COW_800
1963,COW_220,COW_811
1963,COW_220,COW_816
1963,COW_220,COW_817
1963,COW_220,COW_840
1963,COW_220,COW_900
1963,COW_220,COW_920
1963,COW_230,COW_235
1963,COW_235,COW_260
1963,COW_235,COW_325
1963,COW_235,COW_350
1963,COW_235,COW_385
1963,COW_235,COW_390
1963,COW_235,COW_395
1963,COW_235,COW_640
1963,COW_260,COW_325
1963,COW_260,COW_350
1963,COW_260,COW_385
1963,COW_260,COW_390
1963,COW_260,COW_395
1963,COW_260,COW_640
1963,COW_265,COW_290
1963,COW_265,COW_315
1963,COW_265,COW_339
1963,COW_265,COW_355
1963,COW_265,COW_360
1963,COW_265,COW_365
1963,COW_290,COW_310
1963,COW_290,COW_315
1963,COW_290,COW_339
1963,COW_290,COW_355
1963,COW_290,COW_360
1963,COW_290,COW_365
1963,COW_290,COW_710
1963,COW_290,COW_750
1963,COW_290,COW_775
1963,COW_290,COW_800
1963,COW_290,COW_811
1963,COW_290,COW_816
1963,COW_290,COW_817
1963,COW_310,COW_315
1963,COW_310,COW_355
1963,COW_310,COW_360
1963,COW_310,COW_365
1963,COW_315,COW_339
1963,COW_315,COW_355
1963,COW_315,COW_360
1963,COW_315,COW_365
1963,COW_325,COW_350
1963,COW_325,COW_385
1963,COW_325,COW_390
1963,COW_325,COW_395
1963,COW_325,COW_640
1963,COW_339,COW_355
1963,COW_339,COW_360
1963,COW_339,COW_365
1963,COW_345,COW_350
1963,COW_345,COW_640
1963,COW_350,COW_352
1963,COW_350,COW_385
1963,COW_350,COW_390
1963,COW_350,COW_395
1963,COW_350,COW_640
1963,COW_352,COW_640
1963,COW_355,COW_360
1963,COW_355,COW_365
1963,COW_360,COW_365
1963,COW_365,COW_375
1963,COW_365,COW_700
1963,COW_365,COW_710
1963,COW_365,COW_712
1963,COW_365,COW_731
1963,COW_365,COW_750
1963,COW_365,COW_775
1963,COW_365,COW_800
1963,COW_365,COW_811
1963,COW_365,COW_816
1963,COW_365,COW_817
1963,COW_385,COW_390
1963,COW_385,COW_395
1963,COW_385,COW_640
1963,COW_390,COW_395
1963,COW_390,COW_640
1963,COW_395,COW_640
1963,COW_41,COW_100
1963,COW_41,COW_101
1963,COW_41,COW_130
1963,COW_41,COW_135
1963,COW_41,COW_140
1963,COW_41,COW_145
1963,COW_41,COW_150
1963,COW_41,COW_155
1963,COW_41,COW_160
1963,COW_41,COW_165
1963,COW_41,COW_42
1963,COW_41,COW_70
1963,COW_41,COW_90
1963,COW_41,COW_91
1963,COW_41,COW_92
1963,COW_41,COW_93
1963,COW_41,COW_94
1963,COW_41,COW_95
1963,COW_42,COW_100
1963,COW_42,COW_101
1963,COW_42,COW_130
1963,COW_42,COW_135
1963,COW_42,COW_140
1963,COW_42,COW_145
1963,COW_42,COW_150
1963,COW_42,COW_155
1963,COW_42,COW_160
1963,COW_42,COW_165
1963,COW_42,COW_70
1963,COW_42,COW_90
1963,COW_42,COW_91
1963,COW_42,COW_92
1963,COW_42,COW_93
1963,COW_42,COW_94
1963,COW_42,COW_95
1963,COW_432,COW_438
1963,COW_432,COW_452
1963,COW_433,COW_434
1963,COW_433,COW_435
1963,COW_433,COW_436
1963,COW_433,COW_437
1963,COW_433,COW_439
1963,COW_433,COW_461
1963,COW_433,COW_471
1963,COW_433,COW_481
1963,COW_433,COW_482
1963,COW_433,COW_483
1963,COW_433,COW_484
1963,COW_433,COW_517
1963,COW_433,COW_580
1963,COW_434,COW_435
1963,COW_434,COW_436
1963,COW_434,COW_437
1963,COW_434,COW_439
1963,COW_434,COW_461
1963,COW_434,COW_471
1963,COW_434,COW_481
1963,COW_434,COW_482
1963,COW_434,COW_483
1963,COW_434,COW_484
1963,COW_434,COW_517
1963,COW_434,COW_580
1963,COW_435,COW_436
1963,COW_435,COW_437
1963,COW_435,COW_439
1963,COW_435,COW_461
1963,COW_435,COW_471
1963,COW_435,COW_481
1963,COW_435,COW_482
1963,COW_435,COW_483
1963,COW_435,COW_484
1963,COW_435,COW_517
1963,COW_435,COW_580
1963,COW_436,COW_437
1963,COW_436,COW_439
1963,COW_436,COW_461
1963,COW_436,COW_471
1963,COW_436,COW_481
1963,COW_436,COW_482
1963,COW_436,COW_483
1963,COW_436,COW_484
1963,COW_436,COW_517
1963,COW_436,COW_580
1963,COW_437,COW_439
1963,COW_437,COW_461
1963,COW_437,COW_471
1963,COW_437,COW_481
1963,COW_437,COW_482
1963,COW_437,COW_483
1963,COW_437,COW_484
1963,COW_437,COW_517
1963,COW_437,COW_580
1963,COW_438,COW_452
1963,COW_439,COW_461
1963,COW_439,COW_471
1963,COW_439,COW_481
1963,COW_439,COW_482
1963,COW_439,COW_483
1963,COW_439,COW_484
1963,COW_439,COW_517
1963,COW_439,COW_580
1963,COW_461,COW_471
1963,COW_461,COW_481
1963,COW_461,COW_482
1963,COW_461,COW_483
1963,COW_461,COW_484
1963,COW_461,COW_517
1963,COW_461,COW_580
1963,COW_471,COW_481
1963,COW_471,COW_482
1963,COW_471,COW_483
1963,COW_471,COW_484
1963,COW_471,COW_517
1963,COW_471,COW_580
1963,COW_481,COW_482
1963,COW_481,COW_483
1963,COW_481,COW_484
1963,COW_481,COW_517
1963,COW_481,COW_580
1963,COW_482,COW_483
1963,COW_482,COW_484
1963,COW_482,COW_517
1963,COW_482,COW_580
1963,COW_483,COW_484
1963,COW_483,COW_517
1963,COW_483,COW_580
1963,COW_484,COW_517
1963,COW_484,COW_580
1963,COW_501,COW_530
1963,COW_517,COW_580
1963,COW_600,COW_615
1963,COW_600,COW_616
1963,COW_600,COW_620
1963,COW_600,COW_625
1963,COW_600,COW_645
1963,COW_600,COW_651
1963,COW_600,COW_652
1963,COW_600,COW_660
1963,COW_600,COW_663
1963,COW_600,COW_670
1963,COW_600,COW_678
1963,COW_600,COW_690
1963,COW_615,COW_616
1963,COW_615,COW_620
1963,COW_615,COW_625
1963,COW_615,COW_645
1963,COW_615,COW_651
1963,COW_615,COW_652
1963,COW_615,COW_660
1963,COW_615,COW_663
1963,COW_615,COW_670
1963,COW_615,COW_678
1963,COW_616,COW_620
1963,COW_616,COW_625
1963,COW_616,COW_645
1963,COW_616,COW_651
1963,COW_616,COW_652
1963,COW_616,COW_660
1963,COW_616,COW_663
1963,COW_616,COW_670
1963,COW_616,COW_678
1963,COW_616,COW_690
1963,COW_620,COW_625
1963,COW_620,COW_645
1963,COW_620,COW_651
1963,COW_620,COW_652
1963,COW_620,COW_660
1963,COW_620,COW_663
1963,COW_620,COW_670
1963,COW_620,COW_678
1963,COW_625,COW_645
1963,COW_625,COW_651
1963,COW_625,COW_652
1963,COW_625,COW_660
1963,COW_625,COW_663
1963,COW_625,COW_670
1963,COW_625,COW_678
1963,COW_630,COW_640
1963,COW_630,COW_770
1963,COW_640,COW_770
1963,COW_645,COW_651
1963,COW_645,COW_652
1963,COW_645,COW_660
1963,COW_645,COW_663
1963,COW_645,COW_670
1963,COW_645,COW_678
1963,COW_645,COW_690
1963,COW_651,COW_652
1963,COW_651,COW_660
1963,COW_651,COW_663
1963,COW_651,COW_670
1963,COW_651,COW_678
1963,COW_651,COW_690
1963,COW_652,COW_660
1963,COW_652,COW_663
1963,COW_652,COW_670
1963,COW_652,COW_678
1963,COW_652,COW_690
1963,COW_660,COW_663
1963,COW_660,COW_670
1963,COW_660,COW_678
1963,COW_660,COW_690
1963,COW_663,COW_670
1963,COW_663,COW_678
1963,COW_663,COW_690
1963,COW_670,COW_678
1963,COW_670,COW_690
1963,COW_678,COW_690
1963,COW_70,COW_100
1963,COW_70,COW_101
1963,COW_70,COW_130
1963,COW_70,COW_135
1963,COW_70,COW_140
1963,COW_70,COW_145
1963,COW_70,COW_150
1963,COW_70,COW_155
1963,COW_70,COW_160
1963,COW_70,COW_165
1963,COW_70,COW_90
1963,COW_70,COW_91
1963,COW_70,COW_92
1963,COW_70,COW_93
1963,COW_70,COW_94
1963,COW_70,COW_95
1963,COW_700,COW_710
1963,COW_710,COW_731
1963,COW_710,COW_750
1963,COW_710,COW_775
1963,COW_710,COW_800
1963,COW_710,COW_811
1963,COW_710,COW_816
1963,COW_710,COW_817
1963,COW_750,COW_775
1963,COW_750,COW_800
1963,COW_750,COW_811
1963,COW_750,COW_816
1963,COW_750,COW_817
1963,COW_770,COW_800
1963,COW_770,COW_840
1963,COW_770,COW_900
1963,COW_770,COW_920
1963,COW_775,COW_800
1963,COW_775,COW_811
1963,COW_775,COW_816
1963,COW_775,COW_817
1963,COW_800,COW_811
1963,COW_800,COW_816
1963,COW_800,COW_817
1963,COW_800,COW_840
1963,COW_800,COW_900
1963,COW_800,COW_920
1963,COW_811,COW_816
1963,COW_811,COW_817
1963,COW_816,COW_817
1963,COW_840,COW_900
1963,COW_840,COW_920
1963,COW_90,COW_100
1963,COW_90,COW_101
1963,COW_90,COW_130
1963,COW_90,COW_135
1963,COW_90,COW_140
1963,COW_90,COW_145
1963,COW_90,COW_150
1963,COW_90,COW_155
1963,COW_90,COW_160
1963,COW_90,COW_165
1963,COW_90,COW_91
1963,COW_90,COW_92
1963,COW_90,COW_93
1963,COW_90,COW_94
1963,COW_90,COW_95
1963,COW_900,COW_920
1963,COW_91,COW_100
1963,COW_91,COW_101
1963,COW_91,COW_130
1963,COW_91,COW_135
1963,COW_91,COW_140
1963,COW_91,COW_145
1963,COW_91,COW_150
1963,COW_91,COW_155
1963,COW_91,COW_160
1963,COW_91,COW_165
1963,COW_91,COW_92
1963,COW_91,COW_93
1963,COW_91,COW_94
1963,COW_91,COW_95
1963,COW_92,COW_100
1963,COW_92,COW_101
1963,COW_92,COW_130
1963,COW_92,COW_135
1963,COW_92,COW_140
1963,COW_92,COW_145
1963,COW_92,COW_150
1963,COW_92,COW_155
1963,COW_92,COW_160
1963,COW_92,COW_165
1963,COW_92,COW_93
1963,COW_92,COW_94
1963,COW_92,COW_95
1963,COW_93,COW_100
1963,COW_93,COW_101
1963,COW_93,COW_130
1963,COW_93,COW_135
1963,COW_93,COW_140
1963,COW_93,COW_145
1963,COW_93,COW_150
1963,COW_93,COW_155
1963,COW_93,COW_160
1963,COW_93,COW_165
1963,COW_93,COW_94
1963,COW_93,COW_95
1963,COW_94,COW_100
1963,COW_94,COW_101
1963,COW_94,COW_130
1963,COW_94,COW_135
1963,COW_94,COW_140
1963,COW_94,COW_145
1963,COW_94,COW_150
1963,COW_94,COW_155
1963,COW_94,COW_160
1963,COW_94,COW_165
1963,COW_94,COW_95
1963,COW_95,COW_100
1963,COW_95,COW_101
1963,COW_95,COW_130
1963,COW_95,COW_135
1963,COW_95,COW_140
1963,COW_95,COW_145
1963,COW_95,COW_150
1963,COW_95,COW_155
1963,COW_95,COW_160
1963,COW_95,COW_165
1964,COW_100,COW_101
1964,COW_100,COW_130
1964,COW_100,COW_135
1964,COW_100,COW_140
1964,COW_100,COW_145
1964,COW_100,COW_150
1964,COW_100,COW_155
1964,COW_100,COW_160
1964,COW_100,COW_165
1964,COW_101,COW_130
1964,COW_101,COW_135
1964,COW_101,COW_140
1964,COW_101,COW_145
1964,COW_101,COW_150
1964,COW_101,COW_155
1964,COW_101,COW_160
1964,COW_101,COW_165
1964,COW_130,COW_135
1964,COW_130,COW_140
1964,COW_130,COW_145
1964,COW_130,COW_150
1964,COW_130,COW_155
1964,COW_130,COW_160
1964,COW_130,COW_165
1964,COW_135,COW_140
1964,COW_135,COW_145
1964,COW_135,COW_150
1964,COW_135,COW_155
1964,COW_135,COW_160
1964,COW_135,COW_165
1964,COW_140,COW_145
1964,COW_140,COW_150
1964,COW_140,COW_155
1964,COW_140,COW_160
1964,COW_140,COW_165
1964,COW_145,COW_150
1964,COW_145,COW_155
1964,COW_145,COW_160
1964,COW_145,COW_165
1964,COW_150,COW_155
1964,COW_150,COW_160
1964,COW_150,COW_165
1964,COW_155,COW_160
1964,COW_155,COW_165
1964,COW_160,COW_165
1964,COW_2,COW_100
1964,COW_2,COW_101
1964,COW_2,COW_130
1964,COW_2,COW_135
1964,COW_2,COW_140
1964,COW_2,COW_145
1964,COW_2,COW_150
1964,COW_2,COW_155
1964,COW_2,COW_160
1964,COW_2,COW_165
1964,COW_2,COW_20
1964,COW_2,COW_200
1964,COW_2,COW_210
1964,COW_2,COW_211
1964,COW_2,COW_212
1964,COW_2,COW_220
1964,COW_2,COW_235
1964,COW_2,COW_260
1964,COW_2,COW_290
1964,COW_2,COW_325
1964,COW_2,COW_350
1964,COW_2,COW_365
1964,COW_2,COW_385
1964,COW_2,COW_390
1964,COW_2,COW_395
1964,COW_2,COW_41
1964,COW_2,COW_42
1964,COW_2,COW_450
1964,COW_2,COW_630
1964,COW_2,COW_640
1964,COW_2,COW_70
1964,COW_2,COW_710
1964,COW_2,COW_713
1964,COW_2,COW_732
1964,COW_2,COW_740
1964,COW_2,COW_750
1964,COW_2,COW_770
1964,COW_2,COW_775
1964,COW_2,COW_800
1964,COW_2,COW_811
1964,COW_2,COW_816
1964,COW_2,COW_817
1964,COW_2,COW_840
1964,COW_2,COW_90
1964,COW_2,COW_900
1964,COW_2,COW_91
1964,COW_2,COW_92
1964,COW_2,COW_920
1964,COW_2,COW_93
1964,COW_2,COW_94
1964,COW_2,COW_95
1964,COW_20,COW_200
1964,COW_20,COW_210
1964,COW_20,COW_211
1964,COW_20,COW_212
1964,COW_20,COW_220
1964,COW_20,COW_235
1964,COW_20,COW_260
1964,COW_20,COW_290
1964,COW_20,COW_325
1964,COW_20,COW_350
1964,COW_20,COW_365
1964,COW_20,COW_385
1964,COW_20,COW_390
1964,COW_20,COW_395
1964,COW_20,COW_640
1964,COW_20,COW_710
1964,COW_20,COW_750
1964,COW_20,COW_775
1964,COW_20,COW_800
1964,COW_20,COW_811
1964,COW_20,COW_816
1964,COW_20,COW_817
1964,COW_200,COW_210
1964,COW_200,COW_211
1964,COW_200,COW_212
1964,COW_200,COW_220
1964,COW_200,COW_235
1964,COW_200,COW_260
1964,COW_200,COW_290
1964,COW_200,COW_325
1964,COW_200,COW_350
1964,COW_200,COW_365
1964,COW_200,COW_385
1964,COW_200,COW_390
1964,COW_200,COW_395
1964,COW_200,COW_620
1964,COW_200,COW_630
1964,COW_200,COW_640
1964,COW_200,COW_710
1964,COW_200,COW_750
1964,COW_200,COW_770
1964,COW_200,COW_775
1964,COW_200,COW_800
1964,COW_200,COW_811
1964,COW_200,COW_816
1964,COW_200,COW_817
1964,COW_200,COW_820
1964,COW_200,COW_840
1964,COW_200,COW_900
1964,COW_200,COW_920
1964,COW_210,COW_211
1964,COW_210,COW_212
1964,COW_210,COW_220
1964,COW_210,COW_235
1964,COW_210,COW_260
1964,COW_210,COW_325
1964,COW_210,COW_350
1964,COW_210,COW_385
1964,COW_210,COW_390
1964,COW_210,COW_395
1964,COW_210,COW_640
1964,COW_211,COW_212
1964,COW_211,COW_220
1964,COW_211,COW_235
1964,COW_211,COW_260
1964,COW_211,COW_325
1964,COW_211,COW_350
1964,COW_211,COW_385
1964,COW_211,COW_390
1964,COW_211,COW_395
1964,COW_211,COW_640
1964,COW_212,COW_220
1964,COW_212,COW_235
1964,COW_212,COW_260
1964,COW_212,COW_325
1964,COW_212,COW_350
1964,COW_212,COW_385
1964,COW_212,COW_390
1964,COW_212,COW_395
1964,COW_212,COW_640
1964,COW_220,COW_235
1964,COW_220,COW_260
1964,COW_220,COW_290
1964,COW_220,COW_325
1964,COW_220,COW_350
1964,COW_220,COW_365
1964,COW_220,COW_385
1964,COW_220,COW_390
1964,COW_220,COW_395
1964,COW_220,COW_481
1964,COW_220,COW_482
1964,COW_220,COW_483
1964,COW_220,COW_484
1964,COW_220,COW_600
1964,COW_220,COW_620
1964,COW_220,COW_640
1964,COW_220,COW_710
1964,COW_220,COW_750
1964,COW_220,COW_770
1964,COW_220,COW_775
1964,COW_220,COW_800
1964,COW_220,COW_811
1964,COW_220,COW_816
1964,COW_220,COW_817
1964,COW_220,COW_840
1964,COW_220,COW_900
1964,COW_220,COW_920
1964,COW_230,COW_235
1964,COW_235,COW_260
1964,COW_235,COW_325
1964,COW_235,COW_350
1964,COW_235,COW_385
1964,COW_235,COW_390
1964,COW_235,COW_395
1964,COW_235,COW_640
1964,COW_260,COW_325
1964,COW_260,COW_350
1964,COW_260,COW_385
1964,COW_260,COW_390
1964,COW_260,COW_395
1964,COW_260,COW_640
1964,COW_265,COW_290
1964,COW_265,COW_315
1964,COW_265,COW_339
1964,COW_265,COW_355
1964,COW_265,COW_360
1964,COW_265,COW_365
1964,COW_290,COW_310
1964,COW_290,COW_315
1964,COW_290,COW_339
1964,COW_290,COW_355
1964,COW_290,COW_360
1964,COW_290,COW_365
1964,COW_290,COW_710
1964,COW_290,COW_750
1964,COW_290,COW_775
1964,COW_290,COW_800
1964,COW_290,COW_811
1964,COW_290,COW_816
1964,COW_290,COW_817
1964,COW_310,COW_315
1964,COW_310,COW_355
1964,COW_310,COW_360
1964,COW_310,COW_365
1964,COW_315,COW_339
1964,COW_315,COW_355
1964,COW_315,COW_360
1964,COW_315,COW_365
1964,COW_325,COW_350
1964,COW_325,COW_385
1964,COW_325,COW_390
1964,COW_325,COW_395
1964,COW_325,COW_640
1964,COW_339,COW_355
1964,COW_339,COW_360
1964,COW_339,COW_365
1964,COW_345,COW_350
1964,COW_345,COW_640
1964,COW_350,COW_352
1964,COW_350,COW_385
1964,COW_350,COW_390
1964,COW_350,COW_395
1964,COW_350,COW_640
1964,COW_352,COW_640
1964,COW_355,COW_360
1964,COW_355,COW_365
1964,COW_360,COW_365
1964,COW_365,COW_375
1964,COW_365,COW_700
1964,COW_365,COW_710
1964,COW_365,COW_712
1964,COW_365,COW_731
1964,COW_365,COW_750
1964,COW_365,COW_775
1964,COW_365,COW_800
1964,COW_365,COW_811
1964,COW_365,COW_816
1964,COW_365,COW_817
1964,COW_385,COW_390
1964,COW_385,COW_395
1964,COW_385,COW_640
1964,COW_390,COW_395
1964,COW_390,COW_640
1964,COW_395,COW_640
1964,COW_41,COW_100
1964,COW_41,COW_101
1964,COW_41,COW_130
1964,COW_41,COW_135
1964,COW_41,COW_140
1964,COW_41,COW_145
1964,COW_41,COW_150
1964,COW_41,COW_155
1964,COW_41,COW_160
1964,COW_41,COW_165
1964,COW_41,COW_42
1964,COW_41,COW_70
1964,COW_41,COW_90
1964,COW_41,COW_91
1964,COW_41,COW_92
1964,COW_41,COW_93
1964,COW_41,COW_94
1964,COW_41,COW_95
1964,COW_42,COW_100
1964,COW_42,COW_101
1964,COW_42,COW_130
1964,COW_42,COW_135
1964,COW_42,COW_140
1964,COW_42,COW_145
1964,COW_42,COW_150
1964,COW_42,COW_155
1964,COW_42,COW_160
1964,COW_42,COW_165
1964,COW_42,COW_70
1964,COW_42,COW_90
1964,COW_42,COW_91
1964,COW_42,COW_92
1964,COW_42,COW_93
1964,COW_42,COW_94
1964,COW_42,COW_95
1964,COW_433,COW_434
1964,COW_433,COW_435
1964,COW_433,COW_436
1964,COW_433,COW_437
1964,COW_433,COW_439
1964,COW_433,COW_461
1964,COW_433,COW_471
1964,COW_433,COW_481
1964,COW_433,COW_482
1964,COW_433,COW_483
1964,COW_433,COW_484
1964,COW_433,COW_517
1964,COW_433,COW_580
1964,COW_434,COW_435
1964,COW_434,COW_436
1964,COW_434,COW_437
1964,COW_434,COW_439
1964,COW_434,COW_461
1964,COW_434,COW_471
1964,COW_434,COW_481
1964,COW_434,COW_482
1964,COW_434,COW_483
1964,COW_434,COW_484
1964,COW_434,COW_517
1964,COW_434,COW_580
1964,COW_435,COW_436
1964,COW_435,COW_437
1964,COW_435,COW_439
1964,COW_435,COW_461
1964,COW_435,COW_471
1964,COW_435,COW_481
1964,COW_435,COW_482
1964,COW_435,COW_483
1964,COW_435,COW_484
1964,COW_435,COW_517
1964,COW_435,COW_580
1964,COW_436,COW_437
1964,COW_436,COW_439
1964,COW_436,COW_461
1964,COW_436,COW_471
1964,COW_436,COW_481
1964,COW_436,COW_482
1964,COW_436,COW_483
1964,COW_436,COW_484
1964,COW_436,COW_517
1964,COW_436,COW_580
1964,COW_437,COW_439
1964,COW_437,COW_461
1964,COW_437,COW_471
1964,COW_437,COW_481
1964,COW_437,COW_482
1964,COW_437,COW_483
1964,COW_437,COW_484
1964,COW_437,COW_517
1964,COW_437,COW_580
1964,COW_439,COW_461
1964,COW_439,COW_471
1964,COW_439,COW_481
1964,COW_439,COW_482
1964,COW_439,COW_483
1964,COW_439,COW_484
1964,COW_439,COW_517
1964,COW_439,COW_580
1964,COW_461,COW_471
1964,COW_461,COW_481
1964,COW_461,COW_482
1964,COW_461,COW_483
1964,COW_461,COW_484
1964,COW_461,COW_517
1964,COW_461,COW_580
1964,COW_471,COW_481
1964,COW_471,COW_482
1964,COW_471,COW_483
1964,COW_471,COW_484
1964,COW_471,COW_517
1964,COW_471,COW_580
1964,COW_481,COW_482
1964,COW_481,COW_483
1964,COW_481,COW_484
1964,COW_481,COW_517
1964,COW_481,COW_580
1964,COW_482,COW_483
1964,COW_482,COW_484
1964,COW_482,COW_517
1964,COW_482,COW_580
1964,COW_483,COW_484
1964,COW_483,COW_517
1964,COW_483,COW_580
1964,COW_484,COW_517
1964,COW_484,COW_580
1964,COW_501,COW_530
1964,COW_517,COW_580
1964,COW_600,COW_615
1964,COW_600,COW_616
1964,COW_600,COW_620
1964,COW_600,COW_625
1964,COW_600,COW_645
1964,COW_600,COW_651
1964,COW_600,COW_652
1964,COW_600,COW_660
1964,COW_600,COW_663
1964,COW_600,COW_670
1964,COW_600,COW_678
1964,COW_600,COW_690
1964,COW_615,COW_616
1964,COW_615,COW_620
1964,COW_615,COW_625
1964,COW_615,COW_645
1964,COW_615,COW_651
1964,COW_615,COW_652
1964,COW_615,COW_660
1964,COW_615,COW_663
1964,COW_615,COW_670
1964,COW_615,COW_678
1964,COW_615,COW_690
1964,COW_616,COW_620
1964,COW_616,COW_625
1964,COW_616,COW_645
1964,COW_616,COW_651
1964,COW_616,COW_652
1964,COW_616,COW_660
1964,COW_616,COW_663
1964,COW_616,COW_670
1964,COW_616,COW_678
1964,COW_616,COW_690
1964,COW_620,COW_625
1964,COW_620,COW_645
1964,COW_620,COW_651
1964,COW_620,COW_652
1964,COW_620,COW_660
1964,COW_620,COW_663
1964,COW_620,COW_670
1964,COW_620,COW_678
1964,COW_620,COW_690
1964,COW_625,COW_645
1964,COW_625,COW_651
1964,COW_625,COW_652
1964,COW_625,COW_660
1964,COW_625,COW_663
1964,COW_625,COW_670
1964,COW_625,COW_678
1964,COW_625,COW_690
1964,COW_630,COW_640
1964,COW_630,COW_770
1964,COW_640,COW_770
1964,COW_645,COW_651
1964,COW_645,COW_652
1964,COW_645,COW_660
1964,COW_645,COW_663
1964,COW_645,COW_670
1964,COW_645,COW_678
1964,COW_645,COW_690
1964,COW_651,COW_652
1964,COW_651,COW_660
1964,COW_651,COW_663
1964,COW_651,COW_670
1964,COW_651,COW_678
1964,COW_651,COW_690
1964,COW_652,COW_660
1964,COW_652,COW_663
1964,COW_652,COW_670
1964,COW_652,COW_678
1964,COW_652,COW_690
1964,COW_660,COW_663
1964,COW_660,COW_670
1964,COW_660,COW_678
1964,COW_660,COW_690
1964,COW_663,COW_670
1964,COW_663,COW_678
1964,COW_663,COW_690
1964,COW_670,COW_678
1964,COW_670,COW_690
1964,COW_678,COW_690
1964,COW_70,COW_100
1964,COW_70,COW_101
1964,COW_70,COW_130
1964,COW_70,COW_135
1964,COW_70,COW_140
1964,COW_70,COW_145
1964,COW_70,COW_150
1964,COW_70,COW_155
1964,COW_70,COW_160
1964,COW_70,COW_165
1964,COW_70,COW_90
1964,COW_70,COW_91
1964,COW_70,COW_92
1964,COW_70,COW_93
1964,COW_70,COW_94
1964,COW_70,COW_95
1964,COW_700,COW_710
1964,COW_710,COW_731
1964,COW_710,COW_750
1964,COW_710,COW_775
1964,COW_710,COW_800
1964,COW_710,COW_811
1964,COW_710,COW_816
1964,COW_710,COW_817
1964,COW_750,COW_775
1964,COW_750,COW_800
1964,COW_750,COW_811
1964,COW_750,COW_816
1964,COW_750,COW_817
1964,COW_770,COW_800
1964,COW_770,COW_840
1964,COW_770,COW_900
1964,COW_770,COW_920
1964,COW_775,COW_800
1964,COW_775,COW_811
1964,COW_775,COW_816
1964,COW_775,COW_817
1964,COW_800,COW_811
1964,COW_800,COW_816
1964,COW_800,COW_817
1964,COW_800,COW_840
1964,COW_800,COW_900
1964,COW_800,COW_920
1964,COW_811,COW_816
1964,COW_811,COW_817
1964,COW_816,COW_817
1964,COW_840,COW_900
1964,COW_840,COW_920
1964,COW_90,COW_100
1964,COW_90,COW_101
1964,COW_90,COW_130
1964,COW_90,COW_135
1964,COW_90,COW_140
1964,COW_90,COW_145
1964,COW_90,COW_150
1964,COW_90,COW_155
1964,COW_90,COW_160
1964,COW_90,COW_165
1964,COW_90,COW_91
1964,COW_90,COW_92
1964,COW_90,COW_93
1964,COW_90,COW_94
1964,COW_90,COW_95
1964,COW_900,COW_920
1964,COW_91,COW_100
1964,COW_91,COW_101
1964,COW_91,COW_130
1964,COW_91,COW_135
1964,COW_91,COW_140
1964,COW_91,COW_145
1964,COW_91,COW_150
1964,COW_91,COW_155
1964,COW_91,COW_160
1964,COW_91,COW_165
1964,COW_91,COW_92
1964,COW_91,COW_93
1964,COW_91,COW_94
1964,COW_91,COW_95
1964,COW_92,COW_100
1964,COW_92,COW_101
1964,COW_92,COW_130
1964,COW_92,COW_135
1964,COW_92,COW_140
1964,COW_92,COW_145
1964,COW_92,COW_150
1964,COW_92,COW_155
1964,COW_92,COW_160
1964,COW_92,COW_165
1964,COW_92,COW_93
1964,COW_92,COW_94
1964,COW_92,COW_95
1964,COW_93,COW_100
1964,COW_93,COW_101
1964,COW_93,COW_130
1964,COW_93,COW_135
1964,COW_93,COW_140
1964,COW_93,COW_145
1964,COW_93,COW_150
1964,COW_93,COW_155
1964,COW_93,COW_160
1964,COW_93,COW_165
1964,COW_93,COW_94
1964,COW_93,COW_95
1964,COW_94,COW_100
1964,COW_94,COW_101
1964,COW_94,COW_130
1964,COW_94,COW_135
1964,COW_94,COW_140
1964,COW_94,COW_145
1964,COW_94,COW_150
1964,COW_94,COW_155
1964,COW_94,COW_160
1964,COW_94,COW_165
1964,COW_94,COW_95
1964,COW_95,COW_100
1964,COW_95,COW_101
1964,COW_95,COW_130
1964,COW_95,COW_135
1964,COW_95,COW_140
1964,COW_95,COW_145
1964,COW_95,COW_150
1964,COW_95,COW_155
1964,COW_95,COW_160
1964,COW_95,COW_165
1965,COW_100,COW_101
1965,COW_100,COW_130
1965,COW_100,COW_135
1965,COW_100,COW_140
1965,COW_100,COW_145
1965,COW_100,COW_150
1965,COW_100,COW_155
1965,COW_100,COW_160
1965,COW_100,COW_165
1965,COW_101,COW_130
1965,COW_101,COW_135
1965,COW_101,COW_140
1965,COW_101,COW_145
1965,COW_101,COW_150
1965,COW_101,COW_155
1965,COW_101,COW_160
1965,COW_101,COW_165
1965,COW_130,COW_135
1965,COW_130,COW_140
1965,COW_130,COW_145
1965,COW_130,COW_150
1965,COW_130,COW_155
1965,COW_130,COW_160
1965,COW_130,COW_165
1965,COW_135,COW_140
1965,COW_135,COW_145
1965,COW_135,COW_150
1965,COW_135,COW_155
1965,COW_135,COW_160
1965,COW_135,COW_165
1965,COW_140,COW_145
1965,COW_140,COW_150
1965,COW_140,COW_155
1965,COW_140,COW_160
1965,COW_140,COW_165
1965,COW_145,COW_150
1965,COW_145,COW_155
1965,COW_145,COW_160
1965,COW_145,COW_165
1965,COW_150,COW_155
1965,COW_150,COW_160
1965,COW_150,COW_165
1965,COW_155,COW_160
1965,COW_155,COW_165
1965,COW_160,COW_165
1965,COW_2,COW_100
1965,COW_2,COW_101
1965,COW_2,COW_130
1965,COW_2,COW_135
1965,COW_2,COW_140
1965,COW_2,COW_145
1965,COW_2,COW_150
1965,COW_2,COW_155
1965,COW_2,COW_160
1965,COW_2,COW_165
1965,COW_2,COW_20
1965,COW_2,COW_200
1965,COW_2,COW_210
1965,COW_2,COW_211
1965,COW_2,COW_212
1965,COW_2,COW_220
1965,COW_2,COW_235
1965,COW_2,COW_260
1965,COW_2,COW_325
1965,COW_2,COW_350
1965,COW_2,COW_385
1965,COW_2,COW_390
1965,COW_2,COW_395
1965,COW_2,COW_41
1965,COW_2,COW_42
1965,COW_2,COW_450
1965,COW_2,COW_630
1965,COW_2,COW_640
1965,COW_2,COW_70
1965,COW_2,COW_713
1965,COW_2,COW_732
1965,COW_2,COW_740
1965,COW_2,COW_770
1965,COW_2,COW_800
1965,COW_2,COW_840
1965,COW_2,COW_90
1965,COW_2,COW_900
1965,COW_2,COW_91
1965,COW_2,COW_92
1965,COW_2,COW_920
1965,COW_2,COW_93
1965,COW_2,COW_94
1965,COW_2,COW_95
1965,COW_20,COW_200
1965,COW_20,COW_210
1965,COW_20,COW_211
1965,COW_20,COW_212
1965,COW_20,COW_220
1965,COW_20,COW_235
1965,COW_20,COW_260
1965,COW_20,COW_325
1965,COW_20,COW_350
1965,COW_20,COW_385
1965,COW_20,COW_390
1965,COW_20,COW_395
1965,COW_20,COW_640
1965,COW_200,COW_210
1965,COW_200,COW_211
1965,COW_200,COW_212
1965,COW_200,COW_220
1965,COW_200,COW_235
1965,COW_200,COW_260
1965,COW_200,COW_325
1965,COW_200,COW_350
1965,COW_200,COW_385
1965,COW_200,COW_390
1965,COW_200,COW_395
1965,COW_200,COW_620
1965,COW_200,COW_630
1965,COW_200,COW_640
1965,COW_200,COW_770
1965,COW_200,COW_800
1965,COW_200,COW_820
1965,COW_200,COW_840
1965,COW_200,COW_900
1965,COW_200,COW_920
1965,COW_210,COW_211
1965,COW_210,COW_212
1965,COW_210,COW_220
1965,COW_210,COW_235
1965,COW_210,COW_260
1965,COW_210,COW_325
1965,COW_210,COW_350
1965,COW_210,COW_385
1965,COW_210,COW_390
1965,COW_210,COW_395
1965,COW_210,COW_640
1965,COW_211,COW_212
1965,COW_211,COW_220
1965,COW_211,COW_235
1965,COW_211,COW_260
1965,COW_211,COW_325
1965,COW_211,COW_350
1965,COW_211,COW_385
1965,COW_211,COW_390
1965,COW_211,COW_395
1965,COW_211,COW_640
1965,COW_212,COW_220
1965,COW_212,COW_235
1965,COW_212,COW_260
1965,COW_212,COW_325
1965,COW_212,COW_350
1965,COW_212,COW_385
1965,COW_212,COW_390
1965,COW_212,COW_395
1965,COW_212,COW_640
1965,COW_220,COW_235
1965,COW_220,COW_260
1965,COW_220,COW_325
1965,COW_220,COW_350
1965,COW_220,COW_385
1965,COW_220,COW_390
1965,COW_220,COW_395
1965,COW_220,COW_481
1965,COW_220,COW_482
1965,COW_220,COW_483
1965,COW_220,COW_484
1965,COW_220,COW_600
1965,COW_220,COW_620
1965,COW_220,COW_640
1965,COW_220,COW_770
1965,COW_220,COW_800
1965,COW_220,COW_840
1965,COW_220,COW_900
1965,COW_220,COW_920
1965,COW_230,COW_235
1965,COW_235,COW_260
1965,COW_235,COW_325
1965,COW_235,COW_350
1965,COW_235,COW_385
1965,COW_235,COW_390
1965,COW_235,COW_395
1965,COW_235,COW_640
1965,COW_260,COW_325
1965,COW_260,COW_350
1965,COW_260,COW_385
1965,COW_260,COW_390
1965,COW_260,COW_395
1965,COW_260,COW_640
1965,COW_265,COW_290
1965,COW_265,COW_315
1965,COW_265,COW_339
1965,COW_265,COW_355
1965,COW_265,COW_360
1965,COW_265,COW_365
1965,COW_290,COW_310
1965,COW_290,COW_315
1965,COW_290,COW_339
1965,COW_290,COW_355
1965,COW_290,COW_360
1965,COW_290,COW_365
1965,COW_310,COW_315
1965,COW_310,COW_355
1965,COW_310,COW_360
1965,COW_310,COW_365
1965,COW_315,COW_339
1965,COW_315,COW_355
1965,COW_315,COW_360
1965,COW_315,COW_365
1965,COW_325,COW_350
1965,COW_325,COW_385
1965,COW_325,COW_390
1965,COW_325,COW_395
1965,COW_325,COW_640
1965,COW_339,COW_355
1965,COW_339,COW_360
1965,COW_339,COW_365
1965,COW_345,COW_350
1965,COW_345,COW_640
1965,COW_350,COW_352
1965,COW_350,COW_385
1965,COW_350,COW_390
1965,COW_350,COW_395
1965,COW_350,COW_640
1965,COW_352,COW_640
1965,COW_355,COW_360
1965,COW_355,COW_365
1965,COW_360,COW_365
1965,COW_365,COW_375
1965,COW_365,COW_700
1965,COW_365,COW_710
1965,COW_365,COW_712
1965,COW_365,COW_731
1965,COW_385,COW_390
1965,COW_385,COW_395
1965,COW_385,COW_640
1965,COW_390,COW_395
1965,COW_390,COW_640
1965,COW_395,COW_640
1965,COW_41,COW_100
1965,COW_41,COW_101
1965,COW_41,COW_130
1965,COW_41,COW_135
1965,COW_41,COW_140
1965,COW_41,COW_145
1965,COW_41,COW_150
1965,COW_41,COW_155
1965,COW_41,COW_160
1965,COW_41,COW_165
1965,COW_41,COW_42
1965,COW_41,COW_70
1965,COW_41,COW_90
1965,COW_41,COW_91
1965,COW_41,COW_92
1965,COW_41,COW_93
1965,COW_41,COW_94
1965,COW_41,COW_95
1965,COW_42,COW_100
1965,COW_42,COW_101
1965,COW_42,COW_130
1965,COW_42,COW_135
1965,COW_42,COW_140
1965,COW_42,COW_145
1965,COW_42,COW_150
1965,COW_42,COW_155
1965,COW_42,COW_160
1965,COW_42,COW_165
1965,COW_42,COW_70
1965,COW_42,COW_90
1965,COW_42,COW_91
1965,COW_42,COW_92
1965,COW_42,COW_93
1965,COW_42,COW_94
1965,COW_42,COW_95
1965,COW_482,COW_483
1965,COW_482,COW_484
1965,COW_483,COW_484
1965,COW_501,COW_530
1965,COW_600,COW_615
1965,COW_600,COW_616
1965,COW_600,COW_620
1965,COW_600,COW_625
1965,COW_600,COW_645
1965,COW_600,COW_651
1965,COW_600,COW_652
1965,COW_600,COW_660
1965,COW_600,COW_663
1965,COW_600,COW_670
1965,COW_600,COW_678
1965,COW_600,COW_690
1965,COW_615,COW_616
1965,COW_615,COW_620
1965,COW_615,COW_625
1965,COW_615,COW_645
1965,COW_615,COW_651
1965,COW_615,COW_652
1965,COW_615,COW_660
1965,COW_615,COW_663
1965,COW_615,COW_670
1965,COW_615,COW_678
1965,COW_615,COW_690
1965,COW_616,COW_620
1965,COW_616,COW_625
1965,COW_616,COW_645
1965,COW_616,COW_651
1965,COW_616,COW_652
1965,COW_616,COW_660
1965,COW_616,COW_663
1965,COW_616,COW_670
1965,COW_616,COW_678
1965,COW_616,COW_690
1965,COW_620,COW_625
1965,COW_620,COW_645
1965,COW_620,COW_651
1965,COW_620,COW_652
1965,COW_620,COW_660
1965,COW_620,COW_663
1965,COW_620,COW_670
1965,COW_620,COW_678
1965,COW_620,COW_690
1965,COW_625,COW_645
1965,COW_625,COW_651
1965,COW_625,COW_652
1965,COW_625,COW_660
1965,COW_625,COW_663
1965,COW_625,COW_670
1965,COW_625,COW_678
1965,COW_625,COW_690
1965,COW_630,COW_640
1965,COW_630,COW_770
1965,COW_640,COW_770
1965,COW_645,COW_651
1965,COW_645,COW_652
1965,COW_645,COW_660
1965,COW_645,COW_663
1965,COW_645,COW_670
1965,COW_645,COW_678
1965,COW_645,COW_690
1965,COW_651,COW_652
1965,COW_651,COW_660
1965,COW_651,COW_663
1965,COW_651,COW_670
1965,COW_651,COW_678
1965,COW_651,COW_690
1965,COW_652,COW_660
1965,COW_652,COW_663
1965,COW_652,COW_670
1965,COW_652,COW_678
1965,COW_652,COW_690
1965,COW_660,COW_663
1965,COW_660,COW_670
1965,COW_660,COW_678
1965,COW_660,COW_690
1965,COW_663,COW_670
1965,COW_663,COW_678
1965,COW_663,COW_690
1965,COW_670,COW_678
1965,COW_670,COW_690
1965,COW_678,COW_690
1965,COW_70,COW_100
1965,COW_70,COW_101
1965,COW_70,COW_130
1965,COW_70,COW_135
1965,COW_70,COW_140
1965,COW_70,COW_145
1965,COW_70,COW_150
1965,COW_70,COW_155
1965,COW_70,COW_160
1965,COW_70,COW_165
1965,COW_70,COW_90
1965,COW_70,COW_91
1965,COW_70,COW_92
1965,COW_70,COW_93
1965,COW_70,COW_94
1965,COW_70,COW_95
1965,COW_700,COW_710
1965,COW_710,COW_731
1965,COW_710,COW_775
1965,COW_710,COW_811
1965,COW_770,COW_800
1965,COW_770,COW_840
1965,COW_770,COW_900
1965,COW_770,COW_920
1965,COW_800,COW_840
1965,COW_800,COW_900
1965,COW_800,COW_920
1965,COW_840,COW_900
1965,COW_840,COW_920
1965,COW_90,COW_100
1965,COW_90,COW_101
1965,COW_90,COW_130
1965,COW_90,COW_135
1965,COW_90,COW_140
1965,COW_90,COW_145
1965,COW_90,COW_150
1965,COW_90,COW_155
1965,COW_90,COW_160
1965,COW_90,COW_165
1965,COW_90,COW_91
1965,COW_90,COW_92
1965,COW_90,COW_93
1965,COW_90,COW_94
1965,COW_90,COW_95
1965,COW_900,COW_920
1965,COW_91,COW_100
1965,COW_91,COW_101
1965,COW_91,COW_130
1965,COW_91,COW_135
1965,COW_91,COW_140
1965,COW_91,COW_145
1965,COW_91,COW_150
1965,COW_91,COW_155
1965,COW_91,COW_160
1965,COW_91,COW_165
1965,COW_91,COW_92
1965,COW_91,COW_93
1965,COW_91,COW_94
1965,COW_91,COW_95
1965,COW_92,COW_100
1965,COW_92,COW_101
1965,COW_92,COW_130
1965,COW_92,COW_135
1965,COW_92,COW_140
1965,COW_92,COW_145
1965,COW_92,COW_150
1965,COW_92,COW_155
1965,COW_92,COW_160
1965,COW_92,COW_165
1965,COW_92,COW_93
1965,COW_92,COW_94
1965,COW_92,COW_95
1965,COW_93,COW_100
1965,COW_93,COW_101
1965,COW_93,COW_130
1965,COW_93,COW_135
1965,COW_93,COW_140
1965,COW_93,COW_145
1965,COW_93,COW_150
1965,COW_93,COW_155
1965,COW_93,COW_160
1965,COW_93,COW_165
1965,COW_93,COW_94
1965,COW_93,COW_95
1965,COW_94,COW_100
1965,COW_94,COW_101
1965,COW_94,COW_130
1965,COW_94,COW_135
1965,COW_94,COW_140
1965,COW_94,COW_145
1965,COW_94,COW_150
1965,COW_94,COW_155
1965,COW_94,COW_160
1965,COW_94,COW_165
1965,COW_94,COW_95
1965,COW_95,COW_100
1965,COW_95,COW_101
1965,COW_95,COW_130
1965,COW_95,COW_135
1965,COW_95,COW_140
1965,COW_95,COW_145
1965,COW_95,COW_150
1965,COW_95,COW_155
1965,COW_95,COW_160
1965,COW_95,COW_165
1966,COW_100,COW_101
1966,COW_100,COW_130
1966,COW_100,COW_135
1966,COW_100,COW_140
1966,COW_100,COW_145
1966,COW_100,COW_150
1966,COW_100,COW_155
1966,COW_100,COW_160
1966,COW_100,COW_165
1966,COW_101,COW_130
1966,COW_101,COW_135
1966,COW_101,COW_140
1966,COW_101,COW_145
1966,COW_101,COW_150
1966,COW_101,COW_155
1966,COW_101,COW_160
1966,COW_101,COW_165
1966,COW_130,COW_135
1966,COW_130,COW_140
1966,COW_130,COW_145
1966,COW_130,COW_150
1966,COW_130,COW_155
1966,COW_130,COW_160
1966,COW_130,COW_165
1966,COW_135,COW_140
1966,COW_135,COW_145
1966,COW_135,COW_150
1966,COW_135,COW_155
1966,COW_135,COW_160
1966,COW_135,COW_165
1966,COW_140,COW_145
1966,COW_140,COW_150
1966,COW_140,COW_155
1966,COW_140,COW_160
1966,COW_140,COW_165
1966,COW_145,COW_150
1966,COW_145,COW_155
1966,COW_145,COW_160
1966,COW_145,COW_165
1966,COW_150,COW_155
1966,COW_150,COW_160
1966,COW_150,COW_165
1966,COW_155,COW_160
1966,COW_155,COW_165
1966,COW_160,COW_165
1966,COW_2,COW_100
1966,COW_2,COW_101
1966,COW_2,COW_130
1966,COW_2,COW_135
1966,COW_2,COW_140
1966,COW_2,COW_145
1966,COW_2,COW_150
1966,COW_2,COW_155
1966,COW_2,COW_160
1966,COW_2,COW_165
1966,COW_2,COW_20
1966,COW_2,COW_200
1966,COW_2,COW_210
1966,COW_2,COW_211
1966,COW_2,COW_212
1966,COW_2,COW_220
1966,COW_2,COW_235
1966,COW_2,COW_260
1966,COW_2,COW_325
1966,COW_2,COW_350
1966,COW_2,COW_385
1966,COW_2,COW_390
1966,COW_2,COW_395
1966,COW_2,COW_41
1966,COW_2,COW_42
1966,COW_2,COW_450
1966,COW_2,COW_630
1966,COW_2,COW_640
1966,COW_2,COW_70
1966,COW_2,COW_713
1966,COW_2,COW_732
1966,COW_2,COW_740
1966,COW_2,COW_770
1966,COW_2,COW_800
1966,COW_2,COW_840
1966,COW_2,COW_90
1966,COW_2,COW_900
1966,COW_2,COW_91
1966,COW_2,COW_92
1966,COW_2,COW_920
1966,COW_2,COW_93
1966,COW_2,COW_94
1966,COW_2,COW_95
1966,COW_20,COW_200
1966,COW_20,COW_210
1966,COW_20,COW_211
1966,COW_20,COW_212
1966,COW_20,COW_220
1966,COW_20,COW_235
1966,COW_20,COW_260
1966,COW_20,COW_325
1966,COW_20,COW_350
1966,COW_20,COW_385
1966,COW_20,COW_390
1966,COW_20,COW_395
1966,COW_20,COW_640
1966,COW_200,COW_210
1966,COW_200,COW_211
1966,COW_200,COW_212
1966,COW_200,COW_220
1966,COW_200,COW_235
1966,COW_200,COW_260
1966,COW_200,COW_325
1966,COW_200,COW_350
1966,COW_200,COW_385
1966,COW_200,COW_390
1966,COW_200,COW_395
1966,COW_200,COW_620
1966,COW_200,COW_630
1966,COW_200,COW_640
1966,COW_200,COW_770
1966,COW_200,COW_800
1966,COW_200,COW_820
1966,COW_200,COW_840
1966,COW_200,COW_900
1966,COW_200,COW_920
1966,COW_210,COW_211
1966,COW_210,COW_212
1966,COW_210,COW_220
1966,COW_210,COW_235
1966,COW_210,COW_260
1966,COW_210,COW_325
1966,COW_210,COW_350
1966,COW_210,COW_385
1966,COW_210,COW_390
1966,COW_210,COW_395
1966,COW_210,COW_640
1966,COW_211,COW_212
1966,COW_211,COW_220
1966,COW_211,COW_235
1966,COW_211,COW_260
1966,COW_211,COW_325
1966,COW_211,COW_350
1966,COW_211,COW_385
1966,COW_211,COW_390
1966,COW_211,COW_395
1966,COW_211,COW_640
1966,COW_212,COW_220
1966,COW_212,COW_235
1966,COW_212,COW_260
1966,COW_212,COW_325
1966,COW_212,COW_350
1966,COW_212,COW_385
1966,COW_212,COW_390
1966,COW_212,COW_395
1966,COW_212,COW_640
1966,COW_220,COW_235
1966,COW_220,COW_260
1966,COW_220,COW_325
1966,COW_220,COW_350
1966,COW_220,COW_385
1966,COW_220,COW_390
1966,COW_220,COW_395
1966,COW_220,COW_481
1966,COW_220,COW_482
1966,COW_220,COW_483
1966,COW_220,COW_484
1966,COW_220,COW_600
1966,COW_220,COW_620
1966,COW_220,COW_640
1966,COW_220,COW_770
1966,COW_220,COW_800
1966,COW_220,COW_840
1966,COW_220,COW_900
1966,COW_220,COW_920
1966,COW_230,COW_235
1966,COW_235,COW_260
1966,COW_235,COW_325
1966,COW_235,COW_350
1966,COW_235,COW_385
1966,COW_235,COW_390
1966,COW_235,COW_395
1966,COW_235,COW_640
1966,COW_260,COW_325
1966,COW_260,COW_350
1966,COW_260,COW_385
1966,COW_260,COW_390
1966,COW_260,COW_395
1966,COW_260,COW_640
1966,COW_265,COW_290
1966,COW_265,COW_315
1966,COW_265,COW_339
1966,COW_265,COW_355
1966,COW_265,COW_360
1966,COW_265,COW_365
1966,COW_290,COW_310
1966,COW_290,COW_315
1966,COW_290,COW_339
1966,COW_290,COW_355
1966,COW_290,COW_360
1966,COW_290,COW_365
1966,COW_310,COW_315
1966,COW_310,COW_355
1966,COW_310,COW_360
1966,COW_310,COW_365
1966,COW_315,COW_339
1966,COW_315,COW_355
1966,COW_315,COW_360
1966,COW_315,COW_365
1966,COW_325,COW_350
1966,COW_325,COW_385
1966,COW_325,COW_390
1966,COW_325,COW_395
1966,COW_325,COW_640
1966,COW_339,COW_355
1966,COW_339,COW_360
1966,COW_339,COW_365
1966,COW_345,COW_350
1966,COW_345,COW_640
1966,COW_350,COW_352
1966,COW_350,COW_385
1966,COW_350,COW_390
1966,COW_350,COW_395
1966,COW_350,COW_640
1966,COW_352,COW_640
1966,COW_355,COW_360
1966,COW_355,COW_365
1966,COW_360,COW_365
1966,COW_365,COW_375
1966,COW_365,COW_700
1966,COW_365,COW_710
1966,COW_365,COW_712
1966,COW_365,COW_731
1966,COW_385,COW_390
1966,COW_385,COW_395
1966,COW_385,COW_640
1966,COW_390,COW_395
1966,COW_390,COW_640
1966,COW_395,COW_640
1966,COW_41,COW_100
1966,COW_41,COW_101
1966,COW_41,COW_130
1966,COW_41,COW_135
1966,COW_41,COW_140
1966,COW_41,COW_145
1966,COW_41,COW_150
1966,COW_41,COW_155
1966,COW_41,COW_160
1966,COW_41,COW_165
1966,COW_41,COW_42
1966,COW_41,COW_70
1966,COW_41,COW_90
1966,COW_41,COW_91
1966,COW_41,COW_92
1966,COW_41,COW_93
1966,COW_41,COW_94
1966,COW_41,COW_95
1966,COW_42,COW_100
1966,COW_42,COW_101
1966,COW_42,COW_130
1966,COW_42,COW_135
1966,COW_42,COW_140
1966,COW_42,COW_145
1966,COW_42,COW_150
1966,COW_42,COW_155
1966,COW_42,COW_160
1966,COW_42,COW_165
1966,COW_42,COW_70
1966,COW_42,COW_90
1966,COW_42,COW_91
1966,COW_42,COW_92
1966,COW_42,COW_93
1966,COW_42,COW_94
1966,COW_42,COW_95
1966,COW_482,COW_483
1966,COW_482,COW_484
1966,COW_483,COW_484
1966,COW_490,COW_516
1966,COW_490,COW_517
1966,COW_501,COW_530
1966,COW_516,COW_517
1966,COW_600,COW_615
1966,COW_600,COW_616
1966,COW_600,COW_620
1966,COW_600,COW_625
1966,COW_600,COW_645
1966,COW_600,COW_651
1966,COW_600,COW_652
1966,COW_600,COW_660
1966,COW_600,COW_663
1966,COW_600,COW_670
1966,COW_600,COW_678
1966,COW_600,COW_690
1966,COW_615,COW_616
1966,COW_615,COW_620
1966,COW_615,COW_625
1966,COW_615,COW_645
1966,COW_615,COW_651
1966,COW_615,COW_652
1966,COW_615,COW_660
1966,COW_615,COW_663
1966,COW_615,COW_670
1966,COW_615,COW_678
1966,COW_615,COW_690
1966,COW_616,COW_620
1966,COW_616,COW_625
1966,COW_616,COW_645
1966,COW_616,COW_651
1966,COW_616,COW_652
1966,COW_616,COW_660
1966,COW_616,COW_663
1966,COW_616,COW_670
1966,COW_616,COW_678
1966,COW_616,COW_690
1966,COW_620,COW_625
1966,COW_620,COW_645
1966,COW_620,COW_651
1966,COW_620,COW_652
1966,COW_620,COW_660
1966,COW_620,COW_663
1966,COW_620,COW_670
1966,COW_620,COW_678
1966,COW_620,COW_690
1966,COW_625,COW_645
1966,COW_625,COW_651
1966,COW_625,COW_652
1966,COW_625,COW_660
1966,COW_625,COW_663
1966,COW_625,COW_670
1966,COW_625,COW_678
1966,COW_625,COW_690
1966,COW_630,COW_640
1966,COW_630,COW_770
1966,COW_640,COW_770
1966,COW_645,COW_651
1966,COW_645,COW_652
1966,COW_645,COW_660
1966,COW_645,COW_663
1966,COW_645,COW_670
1966,COW_645,COW_678
1966,COW_645,COW_690
1966,COW_651,COW_652
1966,COW_651,COW_660
1966,COW_651,COW_663
1966,COW_651,COW_670
1966,COW_651,COW_678
1966,COW_651,COW_690
1966,COW_652,COW_660
1966,COW_652,COW_663
1966,COW_652,COW_670
1966,COW_652,COW_678
1966,COW_652,COW_690
1966,COW_660,COW_663
1966,COW_660,COW_670
1966,COW_660,COW_678
1966,COW_660,COW_690
1966,COW_663,COW_670
1966,COW_663,COW_678
1966,COW_663,COW_690
1966,COW_670,COW_678
1966,COW_670,COW_690
1966,COW_678,COW_690
1966,COW_70,COW_100
1966,COW_70,COW_101
1966,COW_70,COW_130
1966,COW_70,COW_135
1966,COW_70,COW_140
1966,COW_70,COW_145
1966,COW_70,COW_150
1966,COW_70,COW_155
1966,COW_70,COW_160
1966,COW_70,COW_165
1966,COW_70,COW_90
1966,COW_70,COW_91
1966,COW_70,COW_92
1966,COW_70,COW_93
1966,COW_70,COW_94
1966,COW_70,COW_95
1966,COW_700,COW_710
1966,COW_710,COW_731
1966,COW_710,COW_775
1966,COW_710,COW_811
1966,COW_770,COW_800
1966,COW_770,COW_840
1966,COW_770,COW_900
1966,COW_770,COW_920
1966,COW_800,COW_840
1966,COW_800,COW_900
1966,COW_800,COW_920
1966,COW_840,COW_900
1966,COW_840,COW_920
1966,COW_90,COW_100
1966,COW_90,COW_101
1966,COW_90,COW_130
1966,COW_90,COW_135
1966,COW_90,COW_140
1966,COW_90,COW_145
1966,COW_90,COW_150
1966,COW_90,COW_155
1966,COW_90,COW_160
1966,COW_90,COW_165
1966,COW_90,COW_91
1966,COW_90,COW_92
1966,COW_90,COW_93
1966,COW_90,COW_94
1966,COW_90,COW_95
1966,COW_900,COW_920
1966,COW_91,COW_100
1966,COW_91,COW_101
1966,COW_91,COW_130
1966,COW_91,COW_135
1966,COW_91,COW_140
1966,COW_91,COW_145
1966,COW_91,COW_150
1966,COW_91,COW_155
1966,COW_91,COW_160
1966,COW_91,COW_165
1966,COW_91,COW_92
1966,COW_91,COW_93
1966,COW_91,COW_94
1966,COW_91,COW_95
1966,COW_92,COW_100
1966,COW_92,COW_101
1966,COW_92,COW_130
1966,COW_92,COW_135
1966,COW_92,COW_140
1966,COW_92,COW_145
1966,COW_92,COW_150
1966,COW_92,COW_155
1966,COW_92,COW_160
1966,COW_92,COW_165
1966,COW_92,COW_93
1966,COW_92,COW_94
1966,COW_92,COW_95
1966,COW_93,COW_100
1966,COW_93,COW_101
1966,COW_93,COW_130
1966,COW_93,COW_135
1966,COW_93,COW_140
1966,COW_93,COW_145
1966,COW_93,COW_150
1966,COW_93,COW_155
1966,COW_93,COW_160
1966,COW_93,COW_165
1966,COW_93,COW_94
1966,COW_93,COW_95
1966,COW_94,COW_100
1966,COW_94,COW_101
1966,COW_94,COW_130
1966,COW_94,COW_135
1966,COW_94,COW_140
1966,COW_94,COW_145
1966,COW_94,COW_150
1966,COW_94,COW_155
1966,COW_94,COW_160
1966,COW_94,COW_165
1966,COW_94,COW_95
1966,COW_95,COW_100
1966,COW_95,COW_101
1966,COW_95,COW_130
1966,COW_95,COW_135
1966,COW_95,COW_140
1966,COW_95,COW_145
1966,COW_95,COW_150
1966,COW_95,COW_155
1966,COW_95,COW_160
1966,COW_95,COW_165
1967,COW_100,COW_101
1967,COW_100,COW_130
1967,COW_100,COW_135
1967,COW_100,COW_140
1967,COW_100,COW_145
1967,COW_100,COW_150
1967,COW_100,COW_155
1967,COW_100,COW_160
1967,COW_100,COW_165
1967,COW_101,COW_130
1967,COW_101,COW_135
1967,COW_101,COW_140
1967,COW_101,COW_145
1967,COW_101,COW_150
1967,COW_101,COW_155
1967,COW_101,COW_160
1967,COW_101,COW_165
1967,COW_130,COW_135
1967,COW_130,COW_140
1967,COW_130,COW_145
1967,COW_130,COW_150
1967,COW_130,COW_155
1967,COW_130,COW_160
1967,COW_130,COW_165
1967,COW_135,COW_140
1967,COW_135,COW_145
1967,COW_135,COW_150
1967,COW_135,COW_155
1967,COW_135,COW_160
1967,COW_135,COW_165
1967,COW_140,COW_145
1967,COW_140,COW_150
1967,COW_140,COW_155
1967,COW_140,COW_160
1967,COW_140,COW_165
1967,COW_145,COW_150
1967,COW_145,COW_155
1967,COW_145,COW_160
1967,COW_145,COW_165
1967,COW_150,COW_155
1967,COW_150,COW_160
1967,COW_150,COW_165
1967,COW_155,COW_160
1967,COW_155,COW_165
1967,COW_160,COW_165
1967,COW_2,COW_100
1967,COW_2,COW_101
1967,COW_2,COW_130
1967,COW_2,COW_135
1967,COW_2,COW_140
1967,COW_2,COW_145
1967,COW_2,COW_150
1967,COW_2,COW_155
1967,COW_2,COW_160
1967,COW_2,COW_165
1967,COW_2,COW_20
1967,COW_2,COW_200
1967,COW_2,COW_210
1967,COW_2,COW_211
1967,COW_2,COW_212
1967,COW_2,COW_220
1967,COW_2,COW_235
1967,COW_2,COW_260
1967,COW_2,COW_325
1967,COW_2,COW_350
1967,COW_2,COW_385
1967,COW_2,COW_390
1967,COW_2,COW_395
1967,COW_2,COW_41
1967,COW_2,COW_42
1967,COW_2,COW_450
1967,COW_2,COW_52
1967,COW_2,COW_53
1967,COW_2,COW_630
1967,COW_2,COW_640
1967,COW_2,COW_70
1967,COW_2,COW_713
1967,COW_2,COW_732
1967,COW_2,COW_740
1967,COW_2,COW_770
1967,COW_2,COW_800
1967,COW_2,COW_840
1967,COW_2,COW_90
1967,COW_2,COW_900
1967,COW_2,COW_91
1967,COW_2,COW_92
1967,COW_2,COW_920
1967,COW_2,COW_93
1967,COW_2,COW_94
1967,COW_2,COW_95
1967,COW_20,COW_200
1967,COW_20,COW_210
1967,COW_20,COW_211
1967,COW_20,COW_212
1967,COW_20,COW_220
1967,COW_20,COW_235
1967,COW_20,COW_260
1967,COW_20,COW_325
1967,COW_20,COW_350
1967,COW_20,COW_385
1967,COW_20,COW_390
1967,COW_20,COW_395
1967,COW_20,COW_640
1967,COW_200,COW_210
1967,COW_200,COW_211
1967,COW_200,COW_212
1967,COW_200,COW_220
1967,COW_200,COW_235
1967,COW_200,COW_260
1967,COW_200,COW_325
1967,COW_200,COW_350
1967,COW_200,COW_385
1967,COW_200,COW_390
1967,COW_200,COW_395
1967,COW_200,COW_620
1967,COW_200,COW_630
1967,COW_200,COW_640
1967,COW_200,COW_770
1967,COW_200,COW_800
1967,COW_200,COW_820
1967,COW_200,COW_840
1967,COW_200,COW_900
1967,COW_200,COW_920
1967,COW_210,COW_211
1967,COW_210,COW_212
1967,COW_210,COW_220
1967,COW_210,COW_235
1967,COW_210,COW_260
1967,COW_210,COW_325
1967,COW_210,COW_350
1967,COW_210,COW_385
1967,COW_210,COW_390
1967,COW_210,COW_395
1967,COW_210,COW_640
1967,COW_211,COW_212
1967,COW_211,COW_220
1967,COW_211,COW_235
1967,COW_211,COW_260
1967,COW_211,COW_325
1967,COW_211,COW_350
1967,COW_211,COW_385
1967,COW_211,COW_390
1967,COW_211,COW_395
1967,COW_211,COW_640
1967,COW_212,COW_220
1967,COW_212,COW_235
1967,COW_212,COW_260
1967,COW_212,COW_325
1967,COW_212,COW_350
1967,COW_212,COW_385
1967,COW_212,COW_390
1967,COW_212,COW_395
1967,COW_212,COW_640
1967,COW_220,COW_235
1967,COW_220,COW_260
1967,COW_220,COW_325
1967,COW_220,COW_350
1967,COW_220,COW_385
1967,COW_220,COW_390
1967,COW_220,COW_395
1967,COW_220,COW_481
1967,COW_220,COW_482
1967,COW_220,COW_483
1967,COW_220,COW_484
1967,COW_220,COW_620
1967,COW_220,COW_640
1967,COW_220,COW_770
1967,COW_220,COW_800
1967,COW_220,COW_840
1967,COW_220,COW_900
1967,COW_220,COW_920
1967,COW_230,COW_235
1967,COW_235,COW_260
1967,COW_235,COW_325
1967,COW_235,COW_350
1967,COW_235,COW_385
1967,COW_235,COW_390
1967,COW_235,COW_395
1967,COW_235,COW_640
1967,COW_260,COW_325
1967,COW_260,COW_350
1967,COW_260,COW_385
1967,COW_260,COW_390
1967,COW_260,COW_395
1967,COW_260,COW_640
1967,COW_265,COW_290
1967,COW_265,COW_310
1967,COW_265,COW_315
1967,COW_265,COW_339
1967,COW_265,COW_355
1967,COW_265,COW_360
1967,COW_265,COW_365
1967,COW_290,COW_310
1967,COW_290,COW_315
1967,COW_290,COW_339
1967,COW_290,COW_355
1967,COW_290,COW_360
1967,COW_290,COW_365
1967,COW_310,COW_315
1967,COW_310,COW_355
1967,COW_310,COW_360
1967,COW_310,COW_365
1967,COW_315,COW_339
1967,COW_315,COW_355
1967,COW_315,COW_360
1967,COW_315,COW_365
1967,COW_325,COW_350
1967,COW_325,COW_385
1967,COW_325,COW_390
1967,COW_325,COW_395
1967,COW_325,COW_640
1967,COW_339,COW_355
1967,COW_339,COW_360
1967,COW_339,COW_365
1967,COW_345,COW_350
1967,COW_345,COW_640
1967,COW_350,COW_352
1967,COW_350,COW_385
1967,COW_350,COW_390
1967,COW_350,COW_395
1967,COW_350,COW_640
1967,COW_352,COW_640
1967,COW_355,COW_360
1967,COW_355,COW_365
1967,COW_360,COW_365
1967,COW_365,COW_375
1967,COW_365,COW_700
1967,COW_365,COW_710
1967,COW_365,COW_712
1967,COW_365,COW_731
1967,COW_385,COW_390
1967,COW_385,COW_395
1967,COW_385,COW_640
1967,COW_390,COW_395
1967,COW_390,COW_640
1967,COW_395,COW_640
1967,COW_41,COW_100
1967,COW_41,COW_101
1967,COW_41,COW_130
1967,COW_41,COW_135
1967,COW_41,COW_140
1967,COW_41,COW_145
1967,COW_41,COW_150
1967,COW_41,COW_155
1967,COW_41,COW_160
1967,COW_41,COW_165
1967,COW_41,COW_42
1967,COW_41,COW_52
1967,COW_41,COW_53
1967,COW_41,COW_70
1967,COW_41,COW_90
1967,COW_41,COW_91
1967,COW_41,COW_92
1967,COW_41,COW_93
1967,COW_41,COW_94
1967,COW_41,COW_95
1967,COW_42,COW_100
1967,COW_42,COW_101
1967,COW_42,COW_130
1967,COW_42,COW_135
1967,COW_42,COW_140
1967,COW_42,COW_145
1967,COW_42,COW_150
1967,COW_42,COW_155
1967,COW_42,COW_160
1967,COW_42,COW_165
1967,COW_42,COW_52
1967,COW_42,COW_53
1967,COW_42,COW_70
1967,COW_42,COW_90
1967,COW_42,COW_91
1967,COW_42,COW_92
1967,COW_42,COW_93
1967,COW_42,COW_94
1967,COW_42,COW_95
1967,COW_482,COW_483
1967,COW_482,COW_484
1967,COW_483,COW_484
1967,COW_490,COW_516
1967,COW_490,COW_517
1967,COW_501,COW_530
1967,COW_516,COW_517
1967,COW_52,COW_100
1967,COW_52,COW_101
1967,COW_52,COW_130
1967,COW_52,COW_135
1967,COW_52,COW_140
1967,COW_52,COW_145
1967,COW_52,COW_150
1967,COW_52,COW_155
1967,COW_52,COW_160
1967,COW_52,COW_165
1967,COW_52,COW_53
1967,COW_52,COW_70
1967,COW_52,COW_90
1967,COW_52,COW_91
1967,COW_52,COW_92
1967,COW_52,COW_93
1967,COW_52,COW_94
1967,COW_52,COW_95
1967,COW_53,COW_100
1967,COW_53,COW_101
1967,COW_53,COW_130
1967,COW_53,COW_135
1967,COW_53,COW_140
1967,COW_53,COW_145
1967,COW_53,COW_150
1967,COW_53,COW_155
1967,COW_53,COW_160
1967,COW_53,COW_165
1967,COW_53,COW_70
1967,COW_53,COW_90
1967,COW_53,COW_91
1967,COW_53,COW_92
1967,COW_53,COW_93
1967,COW_53,COW_94
1967,COW_53,COW_95
1967,COW_600,COW_615
1967,COW_600,COW_616
1967,COW_600,COW_620
1967,COW_600,COW_625
1967,COW_600,COW_645
1967,COW_600,COW_651
1967,COW_600,COW_652
1967,COW_600,COW_660
1967,COW_600,COW_663
1967,COW_600,COW_670
1967,COW_600,COW_678
1967,COW_600,COW_690
1967,COW_615,COW_616
1967,COW_615,COW_620
1967,COW_615,COW_625
1967,COW_615,COW_645
1967,COW_615,COW_651
1967,COW_615,COW_652
1967,COW_615,COW_660
1967,COW_615,COW_663
1967,COW_615,COW_670
1967,COW_615,COW_678
1967,COW_615,COW_690
1967,COW_616,COW_620
1967,COW_616,COW_625
1967,COW_616,COW_645
1967,COW_616,COW_651
1967,COW_616,COW_652
1967,COW_616,COW_660
1967,COW_616,COW_663
1967,COW_616,COW_670
1967,COW_616,COW_678
1967,COW_616,COW_690
1967,COW_620,COW_625
1967,COW_620,COW_645
1967,COW_620,COW_651
1967,COW_620,COW_652
1967,COW_620,COW_660
1967,COW_620,COW_663
1967,COW_620,COW_670
1967,COW_620,COW_678
1967,COW_620,COW_690
1967,COW_625,COW_645
1967,COW_625,COW_651
1967,COW_625,COW_652
1967,COW_625,COW_660
1967,COW_625,COW_663
1967,COW_625,COW_670
1967,COW_625,COW_678
1967,COW_625,COW_690
1967,COW_630,COW_640
1967,COW_630,COW_770
1967,COW_640,COW_770
1967,COW_645,COW_651
1967,COW_645,COW_652
1967,COW_645,COW_660
1967,COW_645,COW_663
1967,COW_645,COW_670
1967,COW_645,COW_678
1967,COW_645,COW_690
1967,COW_651,COW_652
1967,COW_651,COW_660
1967,COW_651,COW_663
1967,COW_651,COW_670
1967,COW_651,COW_678
1967,COW_651,COW_690
1967,COW_652,COW_660
1967,COW_652,COW_663
1967,COW_652,COW_670
1967,COW_652,COW_678
1967,COW_652,COW_690
1967,COW_660,COW_663
1967,COW_660,COW_670
1967,COW_660,COW_678
1967,COW_660,COW_690
1967,COW_663,COW_670
1967,COW_663,COW_678
1967,COW_663,COW_690
1967,COW_670,COW_678
1967,COW_670,COW_690
1967,COW_678,COW_690
1967,COW_70,COW_100
1967,COW_70,COW_101
1967,COW_70,COW_130
1967,COW_70,COW_135
1967,COW_70,COW_140
1967,COW_70,COW_145
1967,COW_70,COW_150
1967,COW_70,COW_155
1967,COW_70,COW_160
1967,COW_70,COW_165
1967,COW_70,COW_90
1967,COW_70,COW_91
1967,COW_70,COW_92
1967,COW_70,COW_93
1967,COW_70,COW_94
1967,COW_70,COW_95
1967,COW_700,COW_710
1967,COW_710,COW_731
1967,COW_710,COW_775
1967,COW_710,COW_811
1967,COW_770,COW_800
1967,COW_770,COW_840
1967,COW_770,COW_900
1967,COW_770,COW_920
1967,COW_800,COW_840
1967,COW_800,COW_900
1967,COW_800,COW_920
1967,COW_840,COW_900
1967,COW_840,COW_920
1967,COW_90,COW_100
1967,COW_90,COW_101
1967,COW_90,COW_130
1967,COW_90,COW_135
1967,COW_90,COW_140
1967,COW_90,COW_145
1967,COW_90,COW_150
1967,COW_90,COW_155
1967,COW_90,COW_160
1967,COW_90,COW_165
1967,COW_90,COW_91
1967,COW_90,COW_92
1967,COW_90,COW_93
1967,COW_90,COW_94
1967,COW_90,COW_95
1967,COW_900,COW_920
1967,COW_91,COW_100
1967,COW_91,COW_101
1967,COW_91,COW_130
1967,COW_91,COW_135
1967,COW_91,COW_140
1967,COW_91,COW_145
1967,COW_91,COW_150
1967,COW_91,COW_155
1967,COW_91,COW_160
1967,COW_91,COW_165
1967,COW_91,COW_92
1967,COW_91,COW_93
1967,COW_91,COW_94
1967,COW_91,COW_95
1967,COW_92,COW_100
1967,COW_92,COW_101
1967,COW_92,COW_130
1967,COW_92,COW_135
1967,COW_92,COW_140
1967,COW_92,COW_145
1967,COW_92,COW_150
1967,COW_92,COW_155
1967,COW_92,COW_160
1967,COW_92,COW_165
1967,COW_92,COW_93
1967,COW_92,COW_94
1967,COW_92,COW_95
1967,COW_93,COW_100
1967,COW_93,COW_101
1967,COW_93,COW_130
1967,COW_93,COW_135
1967,COW_93,COW_140
1967,COW_93,COW_145
1967,COW_93,COW_150
1967,COW_93,COW_155
1967,COW_93,COW_160
1967,COW_93,COW_165
1967,COW_93,COW_94
1967,COW_93,COW_95
1967,COW_94,COW_100
1967,COW_94,COW_101
1967,COW_94,COW_130
1967,COW_94,COW_135
1967,COW_94,COW_140
1967,COW_94,COW_145
1967,COW_94,COW_150
1967,COW_94,COW_155
1967,COW_94,COW_160
1967,COW_94,COW_165
1967,COW_94,COW_95
1967,COW_95,COW_100
1967,COW_95,COW_101
1967,COW_95,COW_130
1967,COW_95,COW_135
1967,COW_95,COW_140
1967,COW_95,COW_145
1967,COW_95,COW_150
1967,COW_95,COW_155
1967,COW_95,COW_160
1967,COW_95,COW_165
1968,COW_100,COW_101
1968,COW_100,COW_130
1968,COW_100,COW_135
1968,COW_100,COW_140
1968,COW_100,COW_145
1968,COW_100,COW_150
1968,COW_100,COW_155
1968,COW_100,COW_160
1968,COW_100,COW_165
1968,COW_101,COW_130
1968,COW_101,COW_135
1968,COW_101,COW_140
1968,COW_101,COW_145
1968,COW_101,COW_150
1968,COW_101,COW_155
1968,COW_101,COW_160
1968,COW_101,COW_165
1968,COW_130,COW_135
1968,COW_130,COW_140
1968,COW_130,COW_145
1968,COW_130,COW_150
1968,COW_130,COW_155
1968,COW_130,COW_160
1968,COW_130,COW_165
1968,COW_135,COW_140
1968,COW_135,COW_145
1968,COW_135,COW_150
1968,COW_135,COW_155
1968,COW_135,COW_160
1968,COW_135,COW_165
1968,COW_140,COW_145
1968,COW_140,COW_150
1968,COW_140,COW_155
1968,COW_140,COW_160
1968,COW_140,COW_165
1968,COW_145,COW_150
1968,COW_145,COW_155
1968,COW_145,COW_160
1968,COW_145,COW_165
1968,COW_150,COW_155
1968,COW_150,COW_160
1968,COW_150,COW_165
1968,COW_155,COW_160
1968,COW_155,COW_165
1968,COW_160,COW_165
1968,COW_2,COW_100
1968,COW_2,COW_101
1968,COW_2,COW_130
1968,COW_2,COW_135
1968,COW_2,COW_140
1968,COW_2,COW_145
1968,COW_2,COW_150
1968,COW_2,COW_155
1968,COW_2,COW_160
1968,COW_2,COW_165
1968,COW_2,COW_20
1968,COW_2,COW_200
1968,COW_2,COW_210
1968,COW_2,COW_211
1968,COW_2,COW_212
1968,COW_2,COW_220
1968,COW_2,COW_235
1968,COW_2,COW_260
1968,COW_2,COW_325
1968,COW_2,COW_350
1968,COW_2,COW_385
1968,COW_2,COW_390
1968,COW_2,COW_395
1968,COW_2,COW_41
1968,COW_2,COW_42
1968,COW_2,COW_450
1968,COW_2,COW_52
1968,COW_2,COW_53
1968,COW_2,COW_630
1968,COW_2,COW_640
1968,COW_2,COW_70
1968,COW_2,COW_713
1968,COW_2,COW_732
1968,COW_2,COW_740
1968,COW_2,COW_770
1968,COW_2,COW_800
1968,COW_2,COW_840
1968,COW_2,COW_90
1968,COW_2,COW_900
1968,COW_2,COW_91
1968,COW_2,COW_92
1968,COW_2,COW_920
1968,COW_2,COW_93
1968,COW_2,COW_94
1968,COW_2,COW_95
1968,COW_20,COW_200
1968,COW_20,COW_210
1968,COW_20,COW_211
1968,COW_20,COW_212
1968,COW_20,COW_220
1968,COW_20,COW_235
1968,COW_20,COW_260
1968,COW_20,COW_325
1968,COW_20,COW_350
1968,COW_20,COW_385
1968,COW_20,COW_390
1968,COW_20,COW_395
1968,COW_20,COW_640
1968,COW_200,COW_210
1968,COW_200,COW_211
1968,COW_200,COW_212
1968,COW_200,COW_220
1968,COW_200,COW_235
1968,COW_200,COW_260
1968,COW_200,COW_325
1968,COW_200,COW_350
1968,COW_200,COW_385
1968,COW_200,COW_390
1968,COW_200,COW_395
1968,COW_200,COW_590
1968,COW_200,COW_620
1968,COW_200,COW_630
1968,COW_200,COW_640
1968,COW_200,COW_770
1968,COW_200,COW_800
1968,COW_200,COW_820
1968,COW_200,COW_840
1968,COW_200,COW_900
1968,COW_200,COW_920
1968,COW_210,COW_211
1968,COW_210,COW_212
1968,COW_210,COW_220
1968,COW_210,COW_235
1968,COW_210,COW_260
1968,COW_210,COW_325
1968,COW_210,COW_350
1968,COW_210,COW_385
1968,COW_210,COW_390
1968,COW_210,COW_395
1968,COW_210,COW_640
1968,COW_211,COW_212
1968,COW_211,COW_220
1968,COW_211,COW_235
1968,COW_211,COW_260
1968,COW_211,COW_325
1968,COW_211,COW_350
1968,COW_211,COW_385
1968,COW_211,COW_390
1968,COW_211,COW_395
1968,COW_211,COW_640
1968,COW_212,COW_220
1968,COW_212,COW_235
1968,COW_212,COW_260
1968,COW_212,COW_325
1968,COW_212,COW_350
1968,COW_212,COW_385
1968,COW_212,COW_390
1968,COW_212,COW_395
1968,COW_212,COW_640
1968,COW_220,COW_235
1968,COW_220,COW_260
1968,COW_220,COW_325
1968,COW_220,COW_350
1968,COW_220,COW_385
1968,COW_220,COW_390
1968,COW_220,COW_395
1968,COW_220,COW_481
1968,COW_220,COW_482
1968,COW_220,COW_483
1968,COW_220,COW_484
1968,COW_220,COW_620
1968,COW_220,COW_640
1968,COW_220,COW_770
1968,COW_220,COW_800
1968,COW_220,COW_840
1968,COW_220,COW_900
1968,COW_220,COW_920
1968,COW_230,COW_235
1968,COW_235,COW_260
1968,COW_235,COW_325
1968,COW_235,COW_350
1968,COW_235,COW_385
1968,COW_235,COW_390
1968,COW_235,COW_395
1968,COW_235,COW_640
1968,COW_260,COW_325
1968,COW_260,COW_350
1968,COW_260,COW_385
1968,COW_260,COW_390
1968,COW_260,COW_395
1968,COW_260,COW_640
1968,COW_265,COW_290
1968,COW_265,COW_310
1968,COW_265,COW_315
1968,COW_265,COW_339
1968,COW_265,COW_355
1968,COW_265,COW_360
1968,COW_265,COW_365
1968,COW_290,COW_310
1968,COW_290,COW_315
1968,COW_290,COW_339
1968,COW_290,COW_355
1968,COW_290,COW_360
1968,COW_290,COW_365
1968,COW_310,COW_315
1968,COW_310,COW_355
1968,COW_310,COW_360
1968,COW_310,COW_365
1968,COW_315,COW_339
1968,COW_315,COW_355
1968,COW_315,COW_360
1968,COW_315,COW_365
1968,COW_325,COW_350
1968,COW_325,COW_385
1968,COW_325,COW_390
1968,COW_325,COW_395
1968,COW_325,COW_640
1968,COW_339,COW_355
1968,COW_339,COW_360
1968,COW_339,COW_365
1968,COW_350,COW_352
1968,COW_350,COW_385
1968,COW_350,COW_390
1968,COW_350,COW_395
1968,COW_350,COW_640
1968,COW_352,COW_640
1968,COW_355,COW_360
1968,COW_355,COW_365
1968,COW_360,COW_365
1968,COW_365,COW_375
1968,COW_365,COW_700
1968,COW_365,COW_710
1968,COW_365,COW_712
1968,COW_365,COW_731
1968,COW_385,COW_390
1968,COW_385,COW_395
1968,COW_385,COW_640
1968,COW_390,COW_395
1968,COW_390,COW_640
1968,COW_395,COW_640
1968,COW_41,COW_100
1968,COW_41,COW_101
1968,COW_41,COW_130
1968,COW_41,COW_135
1968,COW_41,COW_140
1968,COW_41,COW_145
1968,COW_41,COW_150
1968,COW_41,COW_155
1968,COW_41,COW_160
1968,COW_41,COW_165
1968,COW_41,COW_42
1968,COW_41,COW_52
1968,COW_41,COW_53
1968,COW_41,COW_70
1968,COW_41,COW_90
1968,COW_41,COW_91
1968,COW_41,COW_92
1968,COW_41,COW_93
1968,COW_41,COW_94
1968,COW_41,COW_95
1968,COW_42,COW_100
1968,COW_42,COW_101
1968,COW_42,COW_130
1968,COW_42,COW_135
1968,COW_42,COW_140
1968,COW_42,COW_145
1968,COW_42,COW_150
1968,COW_42,COW_155
1968,COW_42,COW_160
1968,COW_42,COW_165
1968,COW_42,COW_52
1968,COW_42,COW_53
1968,COW_42,COW_70
1968,COW_42,COW_90
1968,COW_42,COW_91
1968,COW_42,COW_92
1968,COW_42,COW_93
1968,COW_42,COW_94
1968,COW_42,COW_95
1968,COW_482,COW_483
1968,COW_482,COW_484
1968,COW_483,COW_484
1968,COW_490,COW_516
1968,COW_490,COW_517
1968,COW_501,COW_530
1968,COW_516,COW_517
1968,COW_52,COW_100
1968,COW_52,COW_101
1968,COW_52,COW_130
1968,COW_52,COW_135
1968,COW_52,COW_140
1968,COW_52,COW_145
1968,COW_52,COW_150
1968,COW_52,COW_155
1968,COW_52,COW_160
1968,COW_52,COW_165
1968,COW_52,COW_53
1968,COW_52,COW_70
1968,COW_52,COW_90
1968,COW_52,COW_91
1968,COW_52,COW_92
1968,COW_52,COW_93
1968,COW_52,COW_94
1968,COW_52,COW_95
1968,COW_53,COW_100
1968,COW_53,COW_101
1968,COW_53,COW_130
1968,COW_53,COW_135
1968,COW_53,COW_140
1968,COW_53,COW_145
1968,COW_53,COW_150
1968,COW_53,COW_155
1968,COW_53,COW_160
1968,COW_53,COW_165
1968,COW_53,COW_70
1968,COW_53,COW_90
1968,COW_53,COW_91
1968,COW_53,COW_92
1968,COW_53,COW_93
1968,COW_53,COW_94
1968,COW_53,COW_95
1968,COW_600,COW_615
1968,COW_600,COW_616
1968,COW_600,COW_620
1968,COW_600,COW_625
1968,COW_600,COW_645
1968,COW_600,COW_651
1968,COW_600,COW_652
1968,COW_600,COW_660
1968,COW_600,COW_663
1968,COW_600,COW_670
1968,COW_600,COW_678
1968,COW_600,COW_690
1968,COW_615,COW_616
1968,COW_615,COW_620
1968,COW_615,COW_625
1968,COW_615,COW_645
1968,COW_615,COW_651
1968,COW_615,COW_652
1968,COW_615,COW_660
1968,COW_615,COW_663
1968,COW_615,COW_670
1968,COW_615,COW_678
1968,COW_615,COW_690
1968,COW_616,COW_620
1968,COW_616,COW_625
1968,COW_616,COW_645
1968,COW_616,COW_651
1968,COW_616,COW_652
1968,COW_616,COW_660
1968,COW_616,COW_663
1968,COW_616,COW_670
1968,COW_616,COW_678
1968,COW_616,COW_690
1968,COW_620,COW_625
1968,COW_620,COW_645
1968,COW_620,COW_651
1968,COW_620,COW_652
1968,COW_620,COW_660
1968,COW_620,COW_663
1968,COW_620,COW_670
1968,COW_620,COW_678
1968,COW_620,COW_690
1968,COW_625,COW_645
1968,COW_625,COW_651
1968,COW_625,COW_652
1968,COW_625,COW_660
1968,COW_625,COW_663
1968,COW_625,COW_670
1968,COW_625,COW_678
1968,COW_625,COW_690
1968,COW_630,COW_640
1968,COW_630,COW_770
1968,COW_640,COW_770
1968,COW_645,COW_651
1968,COW_645,COW_652
1968,COW_645,COW_660
1968,COW_645,COW_663
1968,COW_645,COW_670
1968,COW_645,COW_678
1968,COW_645,COW_690
1968,COW_651,COW_652
1968,COW_651,COW_660
1968,COW_651,COW_663
1968,COW_651,COW_670
1968,COW_651,COW_678
1968,COW_651,COW_690
1968,COW_652,COW_660
1968,COW_652,COW_663
1968,COW_652,COW_670
1968,COW_652,COW_678
1968,COW_652,COW_690
1968,COW_660,COW_663
1968,COW_660,COW_670
1968,COW_660,COW_678
1968,COW_660,COW_690
1968,COW_663,COW_670
1968,COW_663,COW_678
1968,COW_663,COW_690
1968,COW_670,COW_678
1968,COW_670,COW_690
1968,COW_678,COW_690
1968,COW_70,COW_100
1968,COW_70,COW_101
1968,COW_70,COW_130
1968,COW_70,COW_135
1968,COW_70,COW_140
1968,COW_70,COW_145
1968,COW_70,COW_150
1968,COW_70,COW_155
1968,COW_70,COW_160
1968,COW_70,COW_165
1968,COW_70,COW_90
1968,COW_70,COW_91
1968,COW_70,COW_92
1968,COW_70,COW_93
1968,COW_70,COW_94
1968,COW_70,COW_95
1968,COW_700,COW_710
1968,COW_710,COW_731
1968,COW_710,COW_811
1968,COW_770,COW_800
1968,COW_770,COW_840
1968,COW_770,COW_900
1968,COW_770,COW_920
1968,COW_800,COW_840
1968,COW_800,COW_900
1968,COW_800,COW_920
1968,COW_840,COW_900
1968,COW_840,COW_920
1968,COW_90,COW_100
1968,COW_90,COW_101
1968,COW_90,COW_130
1968,COW_90,COW_135
1968,COW_90,COW_140
1968,COW_90,COW_145
1968,COW_90,COW_150
1968,COW_90,COW_155
1968,COW_90,COW_160
1968,COW_90,COW_165
1968,COW_90,COW_91
1968,COW_90,COW_92
1968,COW_90,COW_93
1968,COW_90,COW_94
1968,COW_90,COW_95
1968,COW_900,COW_920
1968,COW_91,COW_100
1968,COW_91,COW_101
1968,COW_91,COW_130
1968,COW_91,COW_135
1968,COW_91,COW_140
1968,COW_91,COW_145
1968,COW_91,COW_150
1968,COW_91,COW_155
1968,COW_91,COW_160
1968,COW_91,COW_165
1968,COW_91,COW_92
1968,COW_91,COW_93
1968,COW_91,COW_94
1968,COW_91,COW_95
1968,COW_92,COW_100
1968,COW_92,COW_101
1968,COW_92,COW_130
1968,COW_92,COW_135
1968,COW_92,COW_140
1968,COW_92,COW_145
1968,COW_92,COW_150
1968,COW_92,COW_155
1968,COW_92,COW_160
1968,COW_92,COW_165
1968,COW_92,COW_93
1968,COW_92,COW_94
1968,COW_92,COW_95
1968,COW_93,COW_100
1968,COW_93,COW_101
1968,COW_93,COW_130
1968,COW_93,COW_135
1968,COW_93,COW_140
1968,COW_93,COW_145
1968,COW_93,COW_150
1968,COW_93,COW_155
1968,COW_93,COW_160
1968,COW_93,COW_165
1968,COW_93,COW_94
1968,COW_93,COW_95
1968,COW_94,COW_100
1968,COW_94,COW_101
1968,COW_94,COW_130
1968,COW_94,COW_135
1968,COW_94,COW_140
1968,COW_94,COW_145
1968,COW_94,COW_150
1968,COW_94,COW_155
1968,COW_94,COW_160
1968,COW_94,COW_165
1968,COW_94,COW_95
1968,COW_95,COW_100
1968,COW_95,COW_101
1968,COW_95,COW_130
1968,COW_95,COW_135
1968,COW_95,COW_140
1968,COW_95,COW_145
1968,COW_95,COW_150
1968,COW_95,COW_155
1968,COW_95,COW_160
1968,COW_95,COW_165
1969,COW_100,COW_101
1969,COW_100,COW_130
1969,COW_100,COW_135
1969,COW_100,COW_140
1969,COW_100,COW_145
1969,COW_100,COW_150
1969,COW_100,COW_155
1969,COW_100,COW_160
1969,COW_100,COW_165
1969,COW_101,COW_130
1969,COW_101,COW_135
1969,COW_101,COW_140
1969,COW_101,COW_145
1969,COW_101,COW_150
1969,COW_101,COW_155
1969,COW_101,COW_160
1969,COW_101,COW_165
1969,COW_130,COW_135
1969,COW_130,COW_140
1969,COW_130,COW_145
1969,COW_130,COW_150
1969,COW_130,COW_155
1969,COW_130,COW_160
1969,COW_130,COW_165
1969,COW_135,COW_140
1969,COW_135,COW_145
1969,COW_135,COW_150
1969,COW_135,COW_155
1969,COW_135,COW_160
1969,COW_135,COW_165
1969,COW_140,COW_145
1969,COW_140,COW_150
1969,COW_140,COW_155
1969,COW_140,COW_160
1969,COW_140,COW_165
1969,COW_145,COW_150
1969,COW_145,COW_155
1969,COW_145,COW_160
1969,COW_145,COW_165
1969,COW_150,COW_155
1969,COW_150,COW_160
1969,COW_150,COW_165
1969,COW_155,COW_160
1969,COW_155,COW_165
1969,COW_160,COW_165
1969,COW_2,COW_100
1969,COW_2,COW_101
1969,COW_2,COW_130
1969,COW_2,COW_135
1969,COW_2,COW_140
1969,COW_2,COW_145
1969,COW_2,COW_150
1969,COW_2,COW_155
1969,COW_2,COW_160
1969,COW_2,COW_165
1969,COW_2,COW_20
1969,COW_2,COW_200
1969,COW_2,COW_210
1969,COW_2,COW_211
1969,COW_2,COW_212
1969,COW_2,COW_220
1969,COW_2,COW_235
1969,COW_2,COW_260
1969,COW_2,COW_325
1969,COW_2,COW_350
1969,COW_2,COW_385
1969,COW_2,COW_390
1969,COW_2,COW_395
1969,COW_2,COW_41
1969,COW_2,COW_42
1969,COW_2,COW_450
1969,COW_2,COW_51
1969,COW_2,COW_52
1969,COW_2,COW_53
1969,COW_2,COW_630
1969,COW_2,COW_640
1969,COW_2,COW_70
1969,COW_2,COW_713
1969,COW_2,COW_732
1969,COW_2,COW_740
1969,COW_2,COW_770
1969,COW_2,COW_800
1969,COW_2,COW_840
1969,COW_2,COW_90
1969,COW_2,COW_900
1969,COW_2,COW_91
1969,COW_2,COW_92
1969,COW_2,COW_920
1969,COW_2,COW_93
1969,COW_2,COW_94
1969,COW_2,COW_95
1969,COW_20,COW_200
1969,COW_20,COW_210
1969,COW_20,COW_211
1969,COW_20,COW_212
1969,COW_20,COW_220
1969,COW_20,COW_235
1969,COW_20,COW_260
1969,COW_20,COW_325
1969,COW_20,COW_350
1969,COW_20,COW_385
1969,COW_20,COW_390
1969,COW_20,COW_395
1969,COW_20,COW_640
1969,COW_200,COW_210
1969,COW_200,COW_211
1969,COW_200,COW_212
1969,COW_200,COW_220
1969,COW_200,COW_235
1969,COW_200,COW_260
1969,COW_200,COW_325
1969,COW_200,COW_350
1969,COW_200,COW_385
1969,COW_200,COW_390
1969,COW_200,COW_395
1969,COW_200,COW_590
1969,COW_200,COW_620
1969,COW_200,COW_630
1969,COW_200,COW_640
1969,COW_200,COW_770
1969,COW_200,COW_800
1969,COW_200,COW_820
1969,COW_200,COW_840
1969,COW_200,COW_900
1969,COW_200,COW_920
1969,COW_210,COW_211
1969,COW_210,COW_212
1969,COW_210,COW_220
1969,COW_210,COW_235
1969,COW_210,COW_260
1969,COW_210,COW_325
1969,COW_210,COW_350
1969,COW_210,COW_385
1969,COW_210,COW_390
1969,COW_210,COW_395
1969,COW_210,COW_640
1969,COW_211,COW_212
1969,COW_211,COW_220
1969,COW_211,COW_235
1969,COW_211,COW_260
1969,COW_211,COW_325
1969,COW_211,COW_350
1969,COW_211,COW_385
1969,COW_211,COW_390
1969,COW_211,COW_395
1969,COW_211,COW_640
1969,COW_212,COW_220
1969,COW_212,COW_235
1969,COW_212,COW_260
1969,COW_212,COW_325
1969,COW_212,COW_350
1969,COW_212,COW_385
1969,COW_212,COW_390
1969,COW_212,COW_395
1969,COW_212,COW_640
1969,COW_220,COW_235
1969,COW_220,COW_260
1969,COW_220,COW_325
1969,COW_220,COW_350
1969,COW_220,COW_385
1969,COW_220,COW_390
1969,COW_220,COW_395
1969,COW_220,COW_481
1969,COW_220,COW_482
1969,COW_220,COW_483
1969,COW_220,COW_484
1969,COW_220,COW_620
1969,COW_220,COW_640
1969,COW_220,COW_770
1969,COW_220,COW_800
1969,COW_220,COW_840
1969,COW_220,COW_900
1969,COW_220,COW_920
1969,COW_230,COW_235
1969,COW_235,COW_260
1969,COW_235,COW_325
1969,COW_235,COW_350
1969,COW_235,COW_385
1969,COW_235,COW_390
1969,COW_235,COW_395
1969,COW_235,COW_640
1969,COW_260,COW_325
1969,COW_260,COW_350
1969,COW_260,COW_385
1969,COW_260,COW_390
1969,COW_260,COW_395
1969,COW_260,COW_640
1969,COW_265,COW_290
1969,COW_265,COW_310
1969,COW_265,COW_315
1969,COW_265,COW_355
1969,COW_265,COW_360
1969,COW_265,COW_365
1969,COW_290,COW_310
1969,COW_290,COW_315
1969,COW_290,COW_355
1969,COW_290,COW_360
1969,COW_290,COW_365
1969,COW_310,COW_315
1969,COW_310,COW_355
1969,COW_310,COW_360
1969,COW_310,COW_365
1969,COW_315,COW_355
1969,COW_315,COW_360
1969,COW_315,COW_365
1969,COW_325,COW_350
1969,COW_325,COW_385
1969,COW_325,COW_390
1969,COW_325,COW_395
1969,COW_325,COW_640
1969,COW_350,COW_352
1969,COW_350,COW_385
1969,COW_350,COW_390
1969,COW_350,COW_395
1969,COW_350,COW_640
1969,COW_352,COW_640
1969,COW_355,COW_360
1969,COW_355,COW_365
1969,COW_360,COW_365
1969,COW_365,COW_375
1969,COW_365,COW_700
1969,COW_365,COW_710
1969,COW_365,COW_712
1969,COW_365,COW_731
1969,COW_385,COW_390
1969,COW_385,COW_395
1969,COW_385,COW_640
1969,COW_390,COW_395
1969,COW_390,COW_640
1969,COW_395,COW_640
1969,COW_41,COW_100
1969,COW_41,COW_101
1969,COW_41,COW_130
1969,COW_41,COW_135
1969,COW_41,COW_140
1969,COW_41,COW_145
1969,COW_41,COW_150
1969,COW_41,COW_155
1969,COW_41,COW_160
1969,COW_41,COW_165
1969,COW_41,COW_42
1969,COW_41,COW_51
1969,COW_41,COW_52
1969,COW_41,COW_53
1969,COW_41,COW_70
1969,COW_41,COW_90
1969,COW_41,COW_91
1969,COW_41,COW_92
1969,COW_41,COW_93
1969,COW_41,COW_94
1969,COW_41,COW_95
1969,COW_42,COW_100
1969,COW_42,COW_101
1969,COW_42,COW_130
1969,COW_42,COW_135
1969,COW_42,COW_140
1969,COW_42,COW_145
1969,COW_42,COW_150
1969,COW_42,COW_155
1969,COW_42,COW_160
1969,COW_42,COW_165
1969,COW_42,COW_51
1969,COW_42,COW_52
1969,COW_42,COW_53
1969,COW_42,COW_70
1969,COW_42,COW_90
1969,COW_42,COW_91
1969,COW_42,COW_92
1969,COW_42,COW_93
1969,COW_42,COW_94
1969,COW_42,COW_95
1969,COW_482,COW_483
1969,COW_482,COW_484
1969,COW_483,COW_484
1969,COW_490,COW_516
1969,COW_490,COW_517
1969,COW_501,COW_530
1969,COW_51,COW_100
1969,COW_51,COW_101
1969,COW_51,COW_130
1969,COW_51,COW_135
1969,COW_51,COW_140
1969,COW_51,COW_145
1969,COW_51,COW_150
1969,COW_51,COW_155
1969,COW_51,COW_160
1969,COW_51,COW_165
1969,COW_51,COW_52
1969,COW_51,COW_53
1969,COW_51,COW_70
1969,COW_51,COW_90
1969,COW_51,COW_91
1969,COW_51,COW_92
1969,COW_51,COW_93
1969,COW_51,COW_94
1969,COW_51,COW_95
1969,COW_516,COW_517
1969,COW_52,COW_100
1969,COW_52,COW_101
1969,COW_52,COW_130
1969,COW_52,COW_135
1969,COW_52,COW_140
1969,COW_52,COW_145
1969,COW_52,COW_150
1969,COW_52,COW_155
1969,COW_52,COW_160
1969,COW_52,COW_165
1969,COW_52,COW_53
1969,COW_52,COW_70
1969,COW_52,COW_90
1969,COW_52,COW_91
1969,COW_52,COW_92
1969,COW_52,COW_93
1969,COW_52,COW_94
1969,COW_52,COW_95
1969,COW_53,COW_100
1969,COW_53,COW_101
1969,COW_53,COW_130
1969,COW_53,COW_135
1969,COW_53,COW_140
1969,COW_53,COW_145
1969,COW_53,COW_150
1969,COW_53,COW_155
1969,COW_53,COW_160
1969,COW_53,COW_165
1969,COW_53,COW_70
1969,COW_53,COW_90
1969,COW_53,COW_91
1969,COW_53,COW_92
1969,COW_53,COW_93
1969,COW_53,COW_94
1969,COW_53,COW_95
1969,COW_600,COW_615
1969,COW_600,COW_616
1969,COW_600,COW_620
1969,COW_600,COW_625
1969,COW_600,COW_645
1969,COW_600,COW_651
1969,COW_600,COW_652
1969,COW_600,COW_660
1969,COW_600,COW_663
1969,COW_600,COW_670
1969,COW_600,COW_678
1969,COW_600,COW_690
1969,COW_615,COW_616
1969,COW_615,COW_620
1969,COW_615,COW_625
1969,COW_615,COW_645
1969,COW_615,COW_651
1969,COW_615,COW_652
1969,COW_615,COW_660
1969,COW_615,COW_663
1969,COW_615,COW_670
1969,COW_615,COW_678
1969,COW_615,COW_690
1969,COW_616,COW_620
1969,COW_616,COW_625
1969,COW_616,COW_645
1969,COW_616,COW_651
1969,COW_616,COW_652
1969,COW_616,COW_660
1969,COW_616,COW_663
1969,COW_616,COW_670
1969,COW_616,COW_678
1969,COW_616,COW_690
1969,COW_620,COW_625
1969,COW_620,COW_645
1969,COW_620,COW_651
1969,COW_620,COW_652
1969,COW_620,COW_660
1969,COW_620,COW_663
1969,COW_620,COW_670
1969,COW_620,COW_678
1969,COW_620,COW_690
1969,COW_625,COW_645
1969,COW_625,COW_651
1969,COW_625,COW_652
1969,COW_625,COW_660
1969,COW_625,COW_663
1969,COW_625,COW_670
1969,COW_625,COW_678
1969,COW_625,COW_690
1969,COW_630,COW_640
1969,COW_630,COW_770
1969,COW_640,COW_770
1969,COW_645,COW_651
1969,COW_645,COW_652
1969,COW_645,COW_660
1969,COW_645,COW_663
1969,COW_645,COW_670
1969,COW_645,COW_678
1969,COW_645,COW_690
1969,COW_651,COW_652
1969,COW_651,COW_660
1969,COW_651,COW_663
1969,COW_651,COW_670
1969,COW_651,COW_678
1969,COW_651,COW_690
1969,COW_652,COW_660
1969,COW_652,COW_663
1969,COW_652,COW_670
1969,COW_652,COW_678
1969,COW_652,COW_690
1969,COW_660,COW_663
1969,COW_660,COW_670
1969,COW_660,COW_678
1969,COW_660,COW_690
1969,COW_663,COW_670
1969,COW_663,COW_678
1969,COW_663,COW_690
1969,COW_670,COW_678
1969,COW_670,COW_690
1969,COW_678,COW_690
1969,COW_70,COW_100
1969,COW_70,COW_101
1969,COW_70,COW_130
1969,COW_70,COW_135
1969,COW_70,COW_140
1969,COW_70,COW_145
1969,COW_70,COW_150
1969,COW_70,COW_155
1969,COW_70,COW_160
1969,COW_70,COW_165
1969,COW_70,COW_90
1969,COW_70,COW_91
1969,COW_70,COW_92
1969,COW_70,COW_93
1969,COW_70,COW_94
1969,COW_70,COW_95
1969,COW_700,COW_710
1969,COW_710,COW_731
1969,COW_710,COW_811
1969,COW_770,COW_800
1969,COW_770,COW_840
1969,COW_770,COW_900
1969,COW_770,COW_920
1969,COW_800,COW_840
1969,COW_800,COW_900
1969,COW_800,COW_920
1969,COW_840,COW_900
1969,COW_840,COW_920
1969,COW_90,COW_100
1969,COW_90,COW_101
1969,COW_90,COW_130
1969,COW_90,COW_135
1969,COW_90,COW_140
1969,COW_90,COW_145
1969,COW_90,COW_150
1969,COW_90,COW_155
1969,COW_90,COW_160
1969,COW_90,COW_165
1969,COW_90,COW_91
1969,COW_90,COW_92
1969,COW_90,COW_93
1969,COW_90,COW_94
1969,COW_90,COW_95
1969,COW_900,COW_920
1969,COW_91,COW_100
1969,COW_91,COW_101
1969,COW_91,COW_130
1969,COW_91,COW_135
1969,COW_91,COW_140
1969,COW_91,COW_145
1969,COW_91,COW_150
1969,COW_91,COW_155
1969,COW_91,COW_160
1969,COW_91,COW_165
1969,COW_91,COW_92
1969,COW_91,COW_93
1969,COW_91,COW_94
1969,COW_91,COW_95
1969,COW_92,COW_100
1969,COW_92,COW_101
1969,COW_92,COW_130
1969,COW_92,COW_135
1969,COW_92,COW_140
1969,COW_92,COW_145
1969,COW_92,COW_150
1969,COW_92,COW_155
1969,COW_92,COW_160
1969,COW_92,COW_165
1969,COW_92,COW_93
1969,COW_92,COW_94
1969,COW_92,COW_95
1969,COW_93,COW_100
1969,COW_93,COW_101
1969,COW_93,COW_130
1969,COW_93,COW_135
1969,COW_93,COW_140
1969,COW_93,COW_145
1969,COW_93,COW_150
1969,COW_93,COW_155
1969,COW_93,COW_160
1969,COW_93,COW_165
1969,COW_93,COW_94
1969,COW_93,COW_95
1969,COW_94,COW_100
1969,COW_94,COW_101
1969,COW_94,COW_130
1969,COW_94,COW_135
1969,COW_94,COW_140
1969,COW_94,COW_145
1969,COW_94,COW_150
1969,COW_94,COW_155
1969,COW_94,COW_160
1969,COW_94,COW_165
1969,COW_94,COW_95
1969,COW_95,COW_100
1969,COW_95,COW_101
1969,COW_95,COW_130
1969,COW_95,COW_135
1969,COW_95,COW_140
1969,COW_95,COW_145
1969,COW_95,COW_150
1969,COW_95,COW_155
1969,COW_95,COW_160
1969,COW_95,COW_165
1970,COW_100,COW_101
1970,COW_100,COW_130
1970,COW_100,COW_135
1970,COW_100,COW_140
1970,COW_100,COW_145
1970,COW_100,COW_150
1970,COW_100,COW_155
1970,COW_100,COW_160
1970,COW_100,COW_165
1970,COW_101,COW_130
1970,COW_101,COW_135
1970,COW_101,COW_140
1970,COW_101,COW_145
1970,COW_101,COW_150
1970,COW_101,COW_155
1970,COW_101,COW_160
1970,COW_101,COW_165
1970,COW_130,COW_135
1970,COW_130,COW_140
1970,COW_130,COW_145
1970,COW_130,COW_150
1970,COW_130,COW_155
1970,COW_130,COW_160
1970,COW_130,COW_165
1970,COW_135,COW_140
1970,COW_135,COW_145
1970,COW_135,COW_150
1970,COW_135,COW_155
1970,COW_135,COW_160
1970,COW_135,COW_165
1970,COW_140,COW_145
1970,COW_140,COW_150
1970,COW_140,COW_155
1970,COW_140,COW_160
1970,COW_140,COW_165
1970,COW_145,COW_150
1970,COW_145,COW_155
1970,COW_145,COW_160
1970,COW_145,COW_165
1970,COW_150,COW_155
1970,COW_150,COW_160
1970,COW_150,COW_165
1970,COW_155,COW_160
1970,COW_155,COW_165
1970,COW_160,COW_165
1970,COW_2,COW_100
1970,COW_2,COW_101
1970,COW_2,COW_130
1970,COW_2,COW_135
1970,COW_2,COW_140
1970,COW_2,COW_145
1970,COW_2,COW_150
1970,COW_2,COW_155
1970,COW_2,COW_160
1970,COW_2,COW_165
1970,COW_2,COW_20
1970,COW_2,COW_200
1970,COW_2,COW_210
1970,COW_2,COW_211
1970,COW_2,COW_212
1970,COW_2,COW_220
1970,COW_2,COW_230
1970,COW_2,COW_235
1970,COW_2,COW_260
1970,COW_2,COW_325
1970,COW_2,COW_350
1970,COW_2,COW_385
1970,COW_2,COW_390
1970,COW_2,COW_395
1970,COW_2,COW_41
1970,COW_2,COW_42
1970,COW_2,COW_450
1970,COW_2,COW_51
1970,COW_2,COW_52
1970,COW_2,COW_53
1970,COW_2,COW_630
1970,COW_2,COW_640
1970,COW_2,COW_70
1970,COW_2,COW_713
1970,COW_2,COW_732
1970,COW_2,COW_740
1970,COW_2,COW_770
1970,COW_2,COW_800
1970,COW_2,COW_840
1970,COW_2,COW_90
1970,COW_2,COW_900
1970,COW_2,COW_91
1970,COW_2,COW_92
1970,COW_2,COW_920
1970,COW_2,COW_93
1970,COW_2,COW_94
1970,COW_2,COW_95
1970,COW_20,COW_200
1970,COW_20,COW_210
1970,COW_20,COW_211
1970,COW_20,COW_212
1970,COW_20,COW_220
1970,COW_20,COW_235
1970,COW_20,COW_260
1970,COW_20,COW_325
1970,COW_20,COW_350
1970,COW_20,COW_385
1970,COW_20,COW_390
1970,COW_20,COW_395
1970,COW_20,COW_640
1970,COW_200,COW_210
1970,COW_200,COW_211
1970,COW_200,COW_212
1970,COW_200,COW_220
1970,COW_200,COW_235
1970,COW_200,COW_260
1970,COW_200,COW_325
1970,COW_200,COW_350
1970,COW_200,COW_385
1970,COW_200,COW_390
1970,COW_200,COW_395
1970,COW_200,COW_590
1970,COW_200,COW_630
1970,COW_200,COW_640
1970,COW_200,COW_770
1970,COW_200,COW_800
1970,COW_200,COW_820
1970,COW_200,COW_840
1970,COW_200,COW_900
1970,COW_200,COW_920
1970,COW_210,COW_211
1970,COW_210,COW_212
1970,COW_210,COW_220
1970,COW_210,COW_235
1970,COW_210,COW_260
1970,COW_210,COW_325
1970,COW_210,COW_350
1970,COW_210,COW_385
1970,COW_210,COW_390
1970,COW_210,COW_395
1970,COW_210,COW_640
1970,COW_211,COW_212
1970,COW_211,COW_220
1970,COW_211,COW_235
1970,COW_211,COW_260
1970,COW_211,COW_325
1970,COW_211,COW_350
1970,COW_211,COW_385
1970,COW_211,COW_390
1970,COW_211,COW_395
1970,COW_211,COW_640
1970,COW_212,COW_220
1970,COW_212,COW_235
1970,COW_212,COW_260
1970,COW_212,COW_325
1970,COW_212,COW_350
1970,COW_212,COW_385
1970,COW_212,COW_390
1970,COW_212,COW_395
1970,COW_212,COW_640
1970,COW_220,COW_235
1970,COW_220,COW_260
1970,COW_220,COW_325
1970,COW_220,COW_350
1970,COW_220,COW_365
1970,COW_220,COW_385
1970,COW_220,COW_390
1970,COW_220,COW_395
1970,COW_220,COW_481
1970,COW_220,COW_482
1970,COW_220,COW_483
1970,COW_220,COW_484
1970,COW_220,COW_620
1970,COW_220,COW_640
1970,COW_220,COW_770
1970,COW_220,COW_800
1970,COW_220,COW_840
1970,COW_220,COW_900
1970,COW_220,COW_920
1970,COW_230,COW_235
1970,COW_235,COW_260
1970,COW_235,COW_325
1970,COW_235,COW_350
1970,COW_235,COW_385
1970,COW_235,COW_390
1970,COW_235,COW_395
1970,COW_235,COW_640
1970,COW_260,COW_325
1970,COW_260,COW_350
1970,COW_260,COW_385
1970,COW_260,COW_390
1970,COW_260,COW_395
1970,COW_260,COW_640
1970,COW_265,COW_290
1970,COW_265,COW_310
1970,COW_265,COW_315
1970,COW_265,COW_355
1970,COW_265,COW_360
1970,COW_265,COW_365
1970,COW_290,COW_310
1970,COW_290,COW_315
1970,COW_290,COW_355
1970,COW_290,COW_360
1970,COW_290,COW_365
1970,COW_310,COW_315
1970,COW_310,COW_355
1970,COW_310,COW_360
1970,COW_310,COW_365
1970,COW_315,COW_355
1970,COW_315,COW_360
1970,COW_315,COW_365
1970,COW_325,COW_350
1970,COW_325,COW_385
1970,COW_325,COW_390
1970,COW_325,COW_395
1970,COW_325,COW_640
1970,COW_350,COW_352
1970,COW_350,COW_385
1970,COW_350,COW_390
1970,COW_350,COW_395
1970,COW_350,COW_640
1970,COW_352,COW_640
1970,COW_355,COW_360
1970,COW_355,COW_365
1970,COW_360,COW_365
1970,COW_365,COW_375
1970,COW_365,COW_700
1970,COW_365,COW_710
1970,COW_365,COW_712
1970,COW_365,COW_731
1970,COW_385,COW_390
1970,COW_385,COW_395
1970,COW_385,COW_640
1970,COW_390,COW_395
1970,COW_390,COW_640
1970,COW_395,COW_640
1970,COW_41,COW_100
1970,COW_41,COW_101
1970,COW_41,COW_130
1970,COW_41,COW_135
1970,COW_41,COW_140
1970,COW_41,COW_145
1970,COW_41,COW_150
1970,COW_41,COW_155
1970,COW_41,COW_160
1970,COW_41,COW_165
1970,COW_41,COW_42
1970,COW_41,COW_51
1970,COW_41,COW_52
1970,COW_41,COW_53
1970,COW_41,COW_70
1970,COW_41,COW_90
1970,COW_41,COW_91
1970,COW_41,COW_92
1970,COW_41,COW_93
1970,COW_41,COW_94
1970,COW_41,COW_95
1970,COW_42,COW_100
1970,COW_42,COW_101
1970,COW_42,COW_130
1970,COW_42,COW_135
1970,COW_42,COW_140
1970,COW_42,COW_145
1970,COW_42,COW_150
1970,COW_42,COW_155
1970,COW_42,COW_160
1970,COW_42,COW_165
1970,COW_42,COW_51
1970,COW_42,COW_52
1970,COW_42,COW_53
1970,COW_42,COW_70
1970,COW_42,COW_90
1970,COW_42,COW_91
1970,COW_42,COW_92
1970,COW_42,COW_93
1970,COW_42,COW_94
1970,COW_42,COW_95
1970,COW_435,COW_600
1970,COW_482,COW_483
1970,COW_482,COW_484
1970,COW_483,COW_484
1970,COW_490,COW_516
1970,COW_490,COW_517
1970,COW_501,COW_530
1970,COW_51,COW_100
1970,COW_51,COW_101
1970,COW_51,COW_130
1970,COW_51,COW_135
1970,COW_51,COW_140
1970,COW_51,COW_145
1970,COW_51,COW_150
1970,COW_51,COW_155
1970,COW_51,COW_160
1970,COW_51,COW_165
1970,COW_51,COW_52
1970,COW_51,COW_53
1970,COW_51,COW_70
1970,COW_51,COW_90
1970,COW_51,COW_91
1970,COW_51,COW_92
1970,COW_51,COW_93
1970,COW_51,COW_94
1970,COW_51,COW_95
1970,COW_516,COW_517
1970,COW_52,COW_100
1970,COW_52,COW_101
1970,COW_52,COW_130
1970,COW_52,COW_135
1970,COW_52,COW_140
1970,COW_52,COW_145
1970,COW_52,COW_150
1970,COW_52,COW_155
1970,COW_52,COW_160
1970,COW_52,COW_165
1970,COW_52,COW_53
1970,COW_52,COW_70
1970,COW_52,COW_90
1970,COW_52,COW_91
1970,COW_52,COW_92
1970,COW_52,COW_93
1970,COW_52,COW_94
1970,COW_52,COW_95
1970,COW_53,COW_100
1970,COW_53,COW_101
1970,COW_53,COW_130
1970,COW_53,COW_135
1970,COW_53,COW_140
1970,COW_53,COW_145
1970,COW_53,COW_150
1970,COW_53,COW_155
1970,COW_53,COW_160
1970,COW_53,COW_165
1970,COW_53,COW_70
1970,COW_53,COW_90
1970,COW_53,COW_91
1970,COW_53,COW_92
1970,COW_53,COW_93
1970,COW_53,COW_94
1970,COW_53,COW_95
1970,COW_600,COW_615
1970,COW_600,COW_616
1970,COW_600,COW_620
1970,COW_600,COW_625
1970,COW_600,COW_645
1970,COW_600,COW_651
1970,COW_600,COW_652
1970,COW_600,COW_660
1970,COW_600,COW_663
1970,COW_600,COW_670
1970,COW_600,COW_678
1970,COW_600,COW_690
1970,COW_615,COW_616
1970,COW_615,COW_620
1970,COW_615,COW_625
1970,COW_615,COW_645
1970,COW_615,COW_651
1970,COW_615,COW_652
1970,COW_615,COW_660
1970,COW_615,COW_663
1970,COW_615,COW_670
1970,COW_615,COW_678
1970,COW_615,COW_690
1970,COW_616,COW_620
1970,COW_616,COW_625
1970,COW_616,COW_645
1970,COW_616,COW_651
1970,COW_616,COW_652
1970,COW_616,COW_660
1970,COW_616,COW_663
1970,COW_616,COW_670
1970,COW_616,COW_678
1970,COW_616,COW_690
1970,COW_620,COW_625
1970,COW_620,COW_645
1970,COW_620,COW_651
1970,COW_620,COW_652
1970,COW_620,COW_660
1970,COW_620,COW_663
1970,COW_620,COW_670
1970,COW_620,COW_678
1970,COW_620,COW_690
1970,COW_625,COW_645
1970,COW_625,COW_651
1970,COW_625,COW_652
1970,COW_625,COW_660
1970,COW_625,COW_663
1970,COW_625,COW_670
1970,COW_625,COW_678
1970,COW_625,COW_690
1970,COW_630,COW_640
1970,COW_630,COW_770
1970,COW_640,COW_770
1970,COW_645,COW_651
1970,COW_645,COW_652
1970,COW_645,COW_660
1970,COW_645,COW_663
1970,COW_645,COW_670
1970,COW_645,COW_678
1970,COW_645,COW_690
1970,COW_651,COW_652
1970,COW_651,COW_660
1970,COW_651,COW_663
1970,COW_651,COW_670
1970,COW_651,COW_678
1970,COW_651,COW_690
1970,COW_652,COW_660
1970,COW_652,COW_663
1970,COW_652,COW_670
1970,COW_652,COW_678
1970,COW_652,COW_690
1970,COW_660,COW_663
1970,COW_660,COW_670
1970,COW_660,COW_678
1970,COW_660,COW_690
1970,COW_663,COW_670
1970,COW_663,COW_678
1970,COW_663,COW_690
1970,COW_670,COW_678
1970,COW_670,COW_690
1970,COW_678,COW_690
1970,COW_70,COW_100
1970,COW_70,COW_101
1970,COW_70,COW_130
1970,COW_70,COW_135
1970,COW_70,COW_140
1970,COW_70,COW_145
1970,COW_70,COW_150
1970,COW_70,COW_155
1970,COW_70,COW_160
1970,COW_70,COW_165
1970,COW_70,COW_90
1970,COW_70,COW_91
1970,COW_70,COW_92
1970,COW_70,COW_93
1970,COW_70,COW_94
1970,COW_70,COW_95
1970,COW_700,COW_710
1970,COW_710,COW_731
1970,COW_710,COW_811
1970,COW_770,COW_800
1970,COW_770,COW_840
1970,COW_770,COW_900
1970,COW_770,COW_920
1970,COW_800,COW_840
1970,COW_800,COW_900
1970,COW_800,COW_920
1970,COW_840,COW_900
1970,COW_840,COW_920
1970,COW_90,COW_100
1970,COW_90,COW_101
1970,COW_90,COW_130
1970,COW_90,COW_135
1970,COW_90,COW_140
1970,COW_90,COW_145
1970,COW_90,COW_150
1970,COW_90,COW_155
1970,COW_90,COW_160
1970,COW_90,COW_165
1970,COW_90,COW_91
1970,COW_90,COW_92
1970,COW_90,COW_93
1970,COW_90,COW_94
1970,COW_90,COW_95
1970,COW_900,COW_920
1970,COW_91,COW_100
1970,COW_91,COW_101
1970,COW_91,COW_130
1970,COW_91,COW_135
1970,COW_91,COW_140
1970,COW_91,COW_145
1970,COW_91,COW_150
1970,COW_91,COW_155
1970,COW_91,COW_160
1970,COW_91,COW_165
1970,COW_91,COW_92
1970,COW_91,COW_93
1970,COW_91,COW_94
1970,COW_91,COW_95
1970,COW_92,COW_100
1970,COW_92,COW_101
1970,COW_92,COW_130
1970,COW_92,COW_135
1970,COW_92,COW_140
1970,COW_92,COW_145
1970,COW_92,COW_150
1970,COW_92,COW_155
1970,COW_92,COW_160
1970,COW_92,COW_165
1970,COW_92,COW_93
1970,COW_92,COW_94
1970,COW_92,COW_95
1970,COW_93,COW_100
1970,COW_93,COW_101
1970,COW_93,COW_130
1970,COW_93,COW_135
1970,COW_93,COW_140
1970,COW_93,COW_145
1970,COW_93,COW_150
1970,COW_93,COW_155
1970,COW_93,COW_160
1970,COW_93,COW_165
1970,COW_93,COW_94
1970,COW_93,COW_95
1970,COW_94,COW_100
1970,COW_94,COW_101
1970,COW_94,COW_130
1970,COW_94,COW_135
1970,COW_94,COW_140
1970,COW_94,COW_145
1970,COW_94,COW_150
1970,COW_94,COW_155
1970,COW_94,COW_160
1970,COW_94,COW_165
1970,COW_94,COW_95
1970,COW_95,COW_100
1970,COW_95,COW_101
1970,COW_95,COW_130
1970,COW_95,COW_135
1970,COW_95,COW_140
1970,COW_95,COW_145
1970,COW_95,COW_150
1970,COW_95,COW_155
1970,COW_95,COW_160
1970,COW_95,COW_165
